Human_Position,Alignment_Position,Conservation,Variant_Count,Variant_Count_Jittered,Conservation_Group,CFTR_Domain
1,444,0.8095975232198143,6,5.937270059423681,Medium,Other
2,445,0.7638036809815951,3,3.225357153204958,Medium,Other
3,446,0.4175977653631285,3,3.1159969709057025,Low,Other
4,447,0.7403708987161198,4,4.049329242098518,Medium,Other
5,448,0.7735334242837654,3,2.828009320221218,Medium,Other
6,449,0.46397694524495675,3,2.827997260168101,Low,Other
7,516,0.4375,2,1.7790418060840998,Low,Other
8,517,0.572992700729927,1,1.1830880728874675,Low,Other
9,518,0.6904109589041096,3,3.0505575058716046,Medium,Other
10,519,0.4489247311827957,3,3.1040362888980226,Low,Other
11,520,0.45605700712589076,3,2.760292247147901,Low,Other
12,521,0.23953488372093024,1,1.234954926080997,Low,Other
13,522,0.734341252699784,4,4.1662213204002105,Medium,Other
14,523,0.6043010752688172,7,6.856169555339138,Medium,Other
15,524,0.673728813559322,5,4.84091248360355,Medium,Other
16,525,0.7133891213389121,0,-0.1582977450732831,Medium,Other
17,526,0.773109243697479,7,6.902121121479769,Medium,Other
18,527,0.499009900990099,3,3.0123782158161188,Low,Other
19,528,0.9869565217391304,5,4.965972509321058,High,Other
20,529,0.7652081109925294,3,2.895614570099021,Medium,Other
21,530,0.31203407880724177,1,1.0559264473611898,Low,Other
22,531,0.9351063829787234,1,0.819746930326021,High,Other
23,532,0.5665601703940362,3,2.896072324267609,Low,Other
24,533,0.8476190476190476,3,2.933180921646846,Medium,Other
25,534,0.638095238095238,1,0.978034992108518,Medium,Other
26,535,0.9354497354497354,3,3.142587980696507,High,Other
27,536,0.9936507936507937,5,4.84983689107918,High,Other
28,541,0.5031712473572939,1,1.0071172192068059,Low,Other
29,542,0.8103813559322034,2,2.0462072844310213,Medium,Other
30,544,0.38412698412698415,2,1.773225206359999,Low,Other
31,545,0.4884210526315789,5,5.0537724259507195,Low,Other
32,546,0.9894625922023182,2,1.8352620618436457,High,Other
33,547,0.7397260273972602,2,1.7825257964926398,Medium,Other
34,579,0.8434873949579832,1,1.2244427686266666,Medium,Other
35,580,0.6766839378238342,1,1.2328160165372797,Medium,Other
36,581,0.9897013388259527,2,2.1541986740582306,High,Other
37,582,0.4933058702368692,4,3.9023068845866855,Low,Other
38,592,0.9671794871794872,5,4.798836057003192,High,Other
39,593,0.5,3,3.0921165132560784,Low,Other
40,594,0.45389344262295084,0,-0.02992375313019935,Low,Other
41,598,0.8508230452674898,2,1.8110191174223895,Medium,Other
42,599,0.8471794871794872,1,0.9975884550556351,Medium,Other
43,600,0.3374358974358974,3,2.767194260557609,Low,Other
44,601,0.9620512820512821,2,2.204660201039391,High,Other
45,602,0.5076923076923077,1,0.8793899908000085,Low,Other
46,603,0.9487179487179487,3,3.081261142176991,High,Other
47,604,0.9393627954779034,1,0.9058555380447055,High,Other
48,605,0.6991786447638604,3,3.0100340105889054,Medium,Other
49,606,0.9671120246659815,1,1.0233551396716398,High,Other
50,607,0.8439425051334702,4,3.8424272277627636,Medium,Other
51,609,0.9311408016443987,1,1.2347923138822794,Medium,Other
52,610,0.48668032786885246,3,3.1375664116805573,Low,Other
53,611,0.960427807486631,1,1.2197494707820946,High,Other
54,612,0.9371002132196162,2,2.1974136752138245,High,Other
55,650,0.8549931600547196,4,4.048949989405543,Medium,Other
56,651,0.9351570415400202,5,5.210937117511558,High,Other
57,652,0.9898682877406282,4,3.79424625102596,High,Other
58,653,0.9433573635427395,5,4.847991431209572,High,Other
59,654,0.9056410256410257,3,2.772613644455269,Medium,Other
60,655,0.9815384615384616,6,5.9126651653816324,High,Other
61,656,0.4891304347826087,2,1.944338644844741,Low,Other
62,657,0.7623873873873874,3,2.885674515886948,Medium,Other
63,659,0.8336283185840708,0,0.16436875457596467,Medium,Other
64,660,0.8321554770318021,1,0.9283766633467947,Medium,Other
65,684,0.7653061224489796,1,0.8904672548436904,Medium,Other
66,685,0.5614213197969543,1,1.0213480415791243,Low,Other
67,686,0.9837728194726166,2,1.8204621124873812,High,Other
68,687,0.5721544715447154,3,3.15109849037702,Low,Other
69,688,0.9806714140386572,3,2.7872753218398856,High,Other
70,689,0.4432048681541582,1,1.2434434683002586,Low,Other
71,690,0.45233265720081134,1,1.1361223846483286,Low,Other
72,691,0.9817444219066938,4,3.849357840767086,High,Other
73,692,0.9421906693711968,2,1.7527610585618012,High,Other
74,693,0.47411167512690355,3,3.157730714227417,Low,Other
75,696,0.9766734279918864,3,3.1034286719238087,High,Other
76,697,0.9411764705882353,4,4.114503584020493,High,Other
77,698,0.9676767676767677,0,0.13563517334297287,High,Other
78,699,0.6653185035389282,4,3.7870223258670452,Medium,Other
79,700,0.6390293225480284,4,3.9292328642721364,Medium,Other
80,701,0.4682139253279516,1,0.8079345297625649,Low,Other
81,702,0.9455645161290323,4,4.181551712937797,High,TMD1
82,703,0.3691345151199166,4,4.061649063413779,Low,TMD1
83,707,0.7932405566600398,1,0.9154490124263246,Medium,TMD1
84,708,0.6053677932405567,3,2.781779175143012,Medium,TMD1
85,709,0.9870775347912525,5,4.9054911608578315,High,TMD1
86,711,0.6613704071499503,2,1.9125916610133735,Medium,TMD1
87,712,0.7318768619662364,3,3.114803089169032,Medium,TMD1
88,713,0.9315476190476191,5,5.068778735677607,Medium,TMD1
89,714,0.9216269841269841,1,1.1936063712881633,Medium,TMD1
90,715,0.7192460317460317,3,2.9861074625809745,Medium,TMD1
91,716,0.9077380952380952,2,1.809797122969151,Medium,TMD1
92,717,0.9691848906560636,5,5.106622393611498,High,TMD1
93,719,0.47904191616766467,1,1.1303925243084487,Low,TMD1
94,720,0.5643070787637089,3,3.030638598784748,Low,TMD1
95,721,0.9790628115653041,2,2.1354835899772806,High,TMD1
96,722,0.40079760717846463,1,0.9968977981821954,Low,TMD1
97,723,0.961,3,3.011366414690997,High,TMD1
98,724,0.994,3,2.963770509179275,High,TMD1
99,725,0.998,3,2.7627095633720478,High,TMD1
100,726,0.486,4,3.803945713496652,Low,TMD1
101,727,0.894,3,2.7657145928433673,Medium,TMD1
102,728,0.896,4,4.06820520563189,Medium,TMD1
103,729,0.983,4,3.9071779905381634,High,TMD1
104,730,0.957,4,4.0042853455823515,High,TMD1
105,731,0.952,4,4.203783236963046,High,TMD1
106,732,0.979,3,2.8746461145744373,High,TMD1
107,733,0.876,2,1.9551914615178148,Medium,TMD1
108,734,0.937,4,4.127775569271524,High,TMD1
109,735,0.512,6,5.864399082745811,Low,TMD1
110,736,0.9359359359359359,6,5.788489954914397,High,TMD1
111,737,0.922,6,5.894875726456884,Medium,TMD1
112,738,0.407061266874351,2,1.8306106436270022,Low,TMD1
113,764,0.48096192384769537,3,3.2148488261712864,Low,TMD1
114,765,0.3719758064516129,5,5.154060189782209,Low,TMD1
115,766,0.42157842157842157,1,1.0667018782552118,Low,TMD1
116,767,0.949748743718593,5,5.185730295093859,High,TMD1
117,768,0.923,6,6.151836038449558,Medium,TMD1
118,769,0.6586826347305389,3,2.843285029443018,Medium,TMD1
119,770,0.45708582834331335,4,4.196279499244989,Low,TMD1
120,771,0.49800399201596807,4,4.019671120957826,Low,TMD1
121,772,0.6676646706586826,2,2.1537200775820313,Medium,TMD1
122,773,0.7145708582834331,4,4.198045649961746,Medium,TMD1
123,774,0.9311377245508982,0,-0.09099826251406806,Medium,TMD1
124,775,0.5982053838484547,2,1.8050259622638385,Medium,TMD1
125,776,0.4556331006979063,2,1.8639675812709708,Low,TMD1
126,777,0.9930209371884346,4,3.963553894313128,High,TMD1
127,778,0.9561316051844466,3,3.1590073829612466,High,TMD1
128,779,0.7278165503489531,1,1.1803652916281717,Medium,TMD1
129,780,0.9651046859421735,3,2.753476065265595,High,TMD1
130,781,0.9401794616151545,5,5.0053736512887825,High,TMD1
131,782,0.9202392821535393,2,1.9587055015743895,Medium,TMD1
132,783,0.38883349950149554,4,3.861053905235365,Low,TMD1
133,784,0.4247258225324028,0,-0.1900673163331586,Low,TMD1
134,785,0.9441674975074775,2,1.9188075857018139,High,TMD1
135,786,0.45663010967098705,2,2.22145485195626,Low,TMD1
136,787,0.901296111665005,3,2.9116014660103775,Medium,TMD1
137,788,0.9361914257228315,8,8.009395310871684,High,TMD1
138,789,0.8185443668993021,2,2.101509479447589,Medium,TMD1
139,790,0.5154536390827518,4,3.931814801189647,Low,TMD1
140,791,0.9720837487537388,5,5.23589104136048,High,TMD1
141,792,0.8993020937188435,2,2.2312236474710554,Medium,TMD1
142,793,0.7996011964107677,3,2.8758911479126823,Medium,TMD1
143,794,0.959122632103689,3,2.998624252946193,High,TMD1
144,795,0.9621136590229312,0,-0.09956084509161517,High,TMD1
145,796,0.9531405782652044,4,3.892420247188734,High,TMD1
146,797,0.905284147557328,2,1.7684434736772663,Medium,TMD1
147,798,0.86839481555334,4,4.054782166989948,Medium,TMD1
148,799,0.5064805583250249,6,6.001339511614431,Low,TMD1
149,800,0.9990029910269193,4,3.775739375624995,High,TMD1
150,801,0.9900299102691924,3,2.8893232321183056,High,TMD1
151,802,0.9292123629112662,5,5.2041329429833265,Medium,TMD1
152,803,0.5862412761714856,5,4.869780945333487,Medium,TMD1
153,804,0.9940179461615155,1,0.8224474360456115,High,TMD1
154,805,0.9282153539381854,1,0.9947263801387816,Medium,TMD1
155,806,0.9920239282153539,4,4.242825227055301,High,TMD1
156,807,0.5653040877367896,2,1.8710276357557503,Low,TMD1
157,808,0.9431704885343968,0,0.08606777370293928,High,TMD1
158,809,0.9551345962113659,5,5.130809807664359,High,TMD1
159,810,0.9322033898305084,2,1.8688187719962,Medium,TMD1
160,811,0.9651046859421735,2,2.1141081743059296,High,TMD1
161,812,0.9770687936191426,6,5.933891566359627,High,TMD1
162,813,0.9521435692921236,3,3.0661529152967897,High,TMD1
163,814,1.0,4,4.066764855380447,High,TMD1
164,877,0.8321318228630278,4,4.017887342037379,Medium,TMD1
165,879,0.9825641025641025,2,1.795144885027204,High,TMD1
166,880,0.9312820512820513,3,3.167651247794619,Medium,TMD1
167,881,0.9753846153846154,1,0.9103900324858679,High,TMD1
168,882,0.9856410256410256,3,2.843259255199927,High,TMD1
169,883,0.9466666666666667,4,3.770387570777382,High,TMD1
170,884,0.851129363449692,3,3.0454464715941207,Medium,TMD1
171,885,0.9425051334702259,2,2.0887821809211413,High,TMD1
172,886,0.973305954825462,1,0.758293914463928,High,TMD1
173,887,0.9342915811088296,1,1.0060465291496405,High,TMD1
174,888,0.9209445585215605,2,1.8632478875989689,Medium,TMD1
175,889,0.9342915811088296,2,2.0725863952047248,High,TMD1
176,890,0.9065708418891171,4,3.8371832145024958,Medium,TMD1
177,908,0.704312114989733,5,5.095468869051233,Medium,TMD1
178,909,0.9722792607802875,3,2.9433676731502687,High,TMD1
179,910,0.9630390143737166,4,4.218364994368367,High,TMD1
180,911,0.9516957862281603,3,2.818760472072997,High,TMD1
181,912,0.9104016477857878,2,1.9205331755251294,Medium,TMD1
182,913,0.9340885684860968,3,2.8067367606202946,High,TMD1
183,914,0.972193614830072,4,4.212346809139281,High,TMD1
184,915,0.5159629248197735,4,4.18866967669049,Low,TMD1
185,916,0.9938208032955715,2,1.8789708138575778,High,TMD1
186,918,0.5211122554067971,2,2.0799920230170894,Low,TMD1
187,919,0.5952626158599382,5,5.158611100100608,Medium,TMD1
188,920,0.9340885684860968,2,2.027600405799731,High,TMD1
189,921,0.898043254376931,2,2.0148252891780034,Medium,TMD1
190,922,0.948559670781893,0,-0.12907385454977416,High,TMD1
191,923,0.6234567901234568,1,0.7965513839029497,Medium,TMD1
192,924,0.9927611168562565,6,6.198607878976663,High,TMD1
193,925,0.9004329004329005,4,4.200209028581665,Medium,TMD1
194,926,0.9654471544715447,4,4.066550728636634,High,TMD1
195,1060,0.9233830845771144,1,0.9195148955243504,Medium,TMD1
196,1061,0.472636815920398,5,4.924604787306331,Low,TMD1
197,1062,0.854726368159204,0,0.11297783943511969,Medium,TMD1
198,1063,0.9432835820895522,4,4.198555129976288,High,TMD1
199,1064,0.9960199004975124,3,3.1935432121325587,High,TMD1
200,1065,0.9293532338308458,5,5.139937772928812,Medium,TMD1
201,1066,0.8527363184079602,2,2.071015823077144,Medium,TMD1
202,1067,0.9980099502487563,2,1.7920699824975244,High,TMD1
203,1068,0.9771144278606965,1,0.8308143570473069,High,TMD1
204,1069,0.4228855721393035,3,3.1992770942635396,Low,TMD1
205,1070,1.0,4,4.053214529829795,High,TMD1
206,1071,0.9601990049751243,3,2.7545985258083148,High,TMD1
207,1072,0.9830845771144279,4,3.800735771433016,High,TMD1
208,1073,0.4845771144278607,2,2.081750884554028,Low,TMD1
209,1074,0.48955223880597015,3,2.7525307919231095,Low,TMD1
210,1075,0.9432835820895522,2,1.8304040257087493,High,TMD1
211,1076,0.481592039800995,0,0.02436689468329306,Low,TMD1
212,1077,0.4736318407960199,2,2.0959475988463465,Low,TMD1
213,1078,0.941468253968254,1,1.0759806297513004,High,TMD1
214,1079,0.9513888888888888,2,1.86213465473028,High,TMD1
215,1080,0.4732142857142857,1,1.1060896106737679,Low,TMD1
216,1081,0.9662698412698413,4,3.8686245437484,High,TMD1
217,1082,0.6418650793650794,4,3.912699849079634,Medium,TMD1
218,1083,0.751984126984127,2,2.123245702559012,Medium,TMD1
219,1086,0.5143992055610725,0,0.07481644952360733,Low,TMD1
220,1087,0.45084409136047665,5,5.174611705247089,Low,TMD1
221,1088,0.43197616683217477,5,5.078806446150172,Low,TMD1
222,1089,0.4716981132075472,1,1.0341543016677357,Low,TMD1
223,1090,0.45779543197616684,2,1.7968373839140463,Low,TMD1
224,1091,0.8579940417080437,6,5.933857901529716,Medium,TMD1
225,1092,0.7636544190665343,3,2.8826011838408627,Medium,TMD1
226,1093,0.5809334657398213,3,2.8719948216895417,Medium,TMD1
227,1094,0.9195630585898709,2,2.2365052773762226,Medium,TMD1
228,1095,0.7696127110228401,3,2.94654886233338,Medium,TMD1
229,1096,0.43197616683217477,1,1.1960232775885566,Low,TMD1
230,1098,0.8867924528301887,1,1.0655693129986314,Medium,TMD1
231,1099,0.4399205561072492,1,1.1474056517708242,Low,TMD1
232,1100,0.48659384309831183,1,1.001318546552596,Low,TMD1
233,1101,0.7743538767395626,3,3.0384519423131797,Medium,TMD1
234,1102,0.4403578528827038,3,2.996258846909432,Low,TMD1
235,1103,0.4165009940357853,3,2.8476214938990223,Low,TMD1
236,1104,0.382089552238806,2,2.111226057630753,Low,TMD1
237,1105,0.9970089730807578,6,5.890386181220428,High,TMD1
238,1106,0.938185443668993,3,2.762157983215727,High,TMD1
239,1107,0.46706586826347307,5,5.0727361479535835,Low,TMD1
240,1108,0.939,2,1.8385553397035244,High,TMD1
241,1109,0.5120724346076458,3,3.220229292176457,Low,TMD1
242,1110,0.44064386317907445,1,1.2269642885012937,Low,TMD1
243,1111,0.45774647887323944,3,3.2074321951102243,Low,TMD1
244,1112,0.9155778894472362,4,3.9350793501277224,Medium,TMD1
245,1113,0.4768211920529801,1,0.7577283082644337,Low,TMD1
246,1114,0.5244988864142539,1,1.2141592812938626,Low,TMD1
247,1115,0.6481481481481481,1,0.9640920741586572,Medium,TMD1
248,1116,0.7659297789336801,5,5.233327409521835,Medium,TMD1
249,1125,0.3753784056508577,1,1.2318099885446263,Low,TMD1
250,1126,0.4888641425389755,2,2.17650472773368,Low,TMD1
251,1127,0.8887775551102205,1,0.8972244460347929,Medium,TMD1
252,1128,0.866,5,4.942548864300963,Medium,TMD1
253,1129,0.735,2,2.1755683357584283,Medium,TMD1
254,1130,0.47047047047047047,1,0.9084610025781388,Low,TMD1
255,1131,0.7772227772227772,4,3.8347463733430462,Medium,TMD1
256,1132,0.627744510978044,2,2.028400631229175,Medium,TMD1
257,1133,0.48602794411177647,3,3.2180773870803905,Low,TMD1
258,1134,0.999001996007984,6,6.098014898337486,High,TMD1
259,1135,0.936127744510978,4,4.035030585044683,High,TMD1
260,1136,0.4855144855144855,3,2.798588246885384,Low,TMD1
261,1137,0.4935064935064935,1,1.057503613349585,Low,TMD1
262,1138,0.9440559440559441,1,1.2450269250521315,High,TMD1
263,1139,0.8811188811188811,0,-0.17995799238173799,Medium,TMD1
264,1140,0.997002997002997,0,0.009164826181868369,High,TMD1
265,1141,0.7082917082917083,1,1.1886865359639778,Medium,TMD1
266,1142,0.5424575424575424,1,1.1203843088771022,Low,TMD1
267,1143,0.8941058941058941,0,0.09850787049763399,Medium,TMD1
268,1144,0.9440559440559441,1,1.1012420419935547,High,TMD1
269,1145,0.8861138861138861,2,1.9297455756098776,Medium,TMD1
270,1146,0.49001996007984033,2,1.8967959221322466,Low,TMD1
271,1147,0.9391217564870259,3,3.154680577739257,High,TMD1
272,1148,0.9431137724550899,1,1.1550566973395904,High,TMD1
273,1149,0.999001996007984,5,5.1835361592900515,High,TMD1
274,1150,0.9121756487025948,2,2.206620276278236,Medium,TMD1
275,1151,0.9870259481037924,1,1.005671199430469,High,TMD1
276,1152,0.48602794411177647,3,3.0007581473436,Low,TMD1
277,1153,0.998003992015968,4,4.149147589483388,High,TMD1
278,1154,0.9970059880239521,1,1.0749819653888826,High,TMD1
279,1155,0.6696606786427146,4,4.100983438628852,Medium,TMD1
280,1156,0.4805194805194805,5,5.147896334718051,Low,TMD1
281,1157,0.9370629370629371,2,2.1950026709087833,High,TMD1
282,1158,0.929070929070929,2,1.9189975784257678,Medium,TMD1
283,1159,0.43912175648702595,3,2.937791476319972,Low,TMD1
284,1160,0.5119760479041916,4,3.7969909699204347,Low,TMD1
285,1161,0.9471057884231537,2,2.039140070498087,High,TMD1
286,1162,0.452642073778664,0,-0.23202886310162896,Low,TMD1
287,1163,0.7676969092721835,5,4.98279900906623,Medium,TMD1
288,1164,0.598605577689243,1,1.0213223173537882,Medium,TMD1
289,1165,0.992,3,2.893270626064142,High,TMD1
290,1166,0.7155688622754491,4,4.045416630284505,Medium,TMD1
291,1187,0.7931769722814499,3,2.7652501249695245,Medium,TMD1
292,1188,0.9893842887473461,4,3.768674094374607,High,TMD1
293,1189,0.8962264150943396,3,3.1613002803298293,Medium,TMD1
294,1190,0.8830188679245283,1,0.9300953207056315,Medium,TMD1
295,1191,0.9283582089552239,0,-0.1864697436740576,Medium,TMD1
296,1192,0.9353233830845771,0,0.011121630027402185,High,TMD1
297,1193,0.9135188866799204,4,4.134996776549306,Medium,TMD1
298,1194,0.9433399602385686,2,1.8579105137484215,High,TMD1
299,1195,0.46322067594433397,3,3.0614452379095,Low,TMD1
300,1196,0.4821073558648111,2,1.792673732496884,Low,TMD1
301,1197,0.514456630109671,3,2.775840860584304,Low,TMD1
302,1198,0.49001996007984033,2,2.015677315784074,Low,TMD1
303,1199,0.9740518962075848,0,0.02031756080505326,High,TMD1
304,1200,0.9191616766467066,2,2.0687149507491034,Medium,TMD1
305,1201,0.8581418581418582,4,4.113045666861331,Medium,TMD1
306,1202,0.4725274725274725,2,2.2379260397312675,Low,TMD1
307,1203,0.9431137724550899,2,2.0081501741505976,High,TMD1
308,1204,0.5548902195608783,2,1.9114782364706229,Low,TMD1
309,1205,0.6217564870259481,4,4.147593097384352,Medium,TMD1
310,1206,0.5059880239520959,1,0.8854161256310371,Low,TMD1
311,1207,0.972,7,6.969485710352818,High,TMD1
312,1208,0.936063936063936,1,0.7892281906711329,High,TMD1
313,1209,0.965034965034965,0,-0.23732462829227124,High,TMD1
314,1210,0.4835164835164835,5,5.231324207338963,Low,TMD1
315,1211,0.493,3,3.167990060256103,Low,TMD1
316,1212,0.553,5,5.097987103046849,Low,TMD1
317,1213,0.922,6,5.954476472207135,Medium,TMD1
318,1214,0.517,0,-0.1633528399645771,Low,TMD1
319,1215,0.484,0,-0.17178147866445698,Low,TMD1
320,1216,0.45845845845845845,4,3.8751214490822976,Low,TMD1
321,1217,0.6346346346346347,4,4.02461333235306,Medium,TMD1
322,1218,0.5220440881763527,1,1.1072979613500311,Low,TMD1
323,1290,0.479313824419778,0,0.08009868835886563,Low,TMD1
324,1291,0.9434914228052472,3,2.8899669484729715,High,TMD1
325,1292,0.5782038345105953,2,2.227432640331597,Low,TMD1
326,1293,0.9102822580645161,3,3.118948458347884,Medium,TMD1
327,1294,0.8098591549295775,5,5.027177026255701,Medium,TMD1
328,1295,0.3893360160965795,1,1.055860373117176,Low,TMD1
329,1299,0.6221105527638191,0,-0.040199968786105045,Medium,TMD1
330,1300,0.8413173652694611,3,2.8738654947505786,Medium,TMD1
331,1301,0.9291417165668663,3,2.927986339325631,Medium,TMD1
332,1302,0.6367265469061876,0,0.12892305523218456,Medium,TMD1
333,1303,0.9141716566866267,1,0.7571967443148779,Medium,TMD1
334,1304,0.9429429429429429,3,2.808036320253458,High,TMD1
335,1305,0.44644644644644643,1,0.7730013210108764,Low,TMD1
336,1306,0.942057942057942,3,2.770364401159485,High,TMD1
337,1307,0.9870259481037924,4,4.177730292005504,High,TMD1
338,1308,0.9421157684630739,4,4.1018289296900114,High,TMD1
339,1309,0.9500998003992016,2,1.9870869145436627,High,TMD1
340,1310,0.48451548451548454,3,2.798917080325501,Low,TMD1
341,1311,0.9730538922155688,1,0.9958079375584161,High,TMD1
342,1312,0.5054835493519442,2,1.9867358853902828,Low,TMD1
343,1313,0.8325024925224327,2,1.8366009349550076,Medium,TMD1
344,1314,0.5124626121635095,1,0.9669258246189865,Low,TMD1
345,1315,0.9281437125748503,1,0.9492523671986868,Medium,TMD1
346,1316,0.9560878243512974,1,1.0579250490261083,High,TMD1
347,1317,0.993006993006993,5,5.067546825433822,High,TMD1
348,1318,0.9329329329329329,3,2.772652004886022,Medium,TMD1
349,1319,0.6746746746746747,3,2.9373063073132357,Medium,TMD1
350,1320,0.5655655655655656,0,0.06292995785711819,Low,TMD1
351,1321,0.974,3,3.001568129290044,High,TMD1
352,1322,0.945054945054945,2,2.178244920594161,High,TMD1
353,1323,0.94,3,3.0793468158094726,High,TMD1
354,1324,0.557,1,0.8314672135407148,Low,TMD1
355,1325,0.996003996003996,2,1.7852843737002149,High,TMD1
356,1326,0.5424575424575424,6,6.071209639103158,Low,TMD1
357,1327,0.584247258225324,2,1.763255655270811,Medium,TMD1
358,1328,0.47604790419161674,2,2.0428877906367315,Low,TMD1
359,1329,0.9511465603190429,3,3.220115120712479,High,TMD1
360,1330,0.4826216484607746,4,4.03773708893794,Low,TMD1
361,1331,0.9393638170974155,5,4.944084963103261,High,TMD1
362,1332,0.9244532803180915,5,5.071644109221177,Medium,TMD1
363,1333,0.9391824526420738,0,-0.020873554754241685,High,TMD1
364,1334,0.48306772908366535,3,3.0228083946579676,Low,TMD1
365,1335,0.6825870646766169,2,2.2207324043882624,Medium,TMD1
366,1336,0.4626865671641791,1,0.9430513189003871,Low,Other
367,1337,0.4646766169154229,1,1.230595281911957,Low,Other
368,1338,0.6222664015904572,0,0.20267532097803187,Medium,Other
369,1339,0.42388059701492536,4,3.847895567394648,Low,Other
370,1340,0.9284294234592445,2,1.7846806504375827,Medium,Other
371,1341,0.9403578528827038,3,2.800389000688713,High,Other
372,1342,0.5070281124497992,5,4.759110912825775,Low,Other
373,1357,0.6411290322580645,4,3.797221480377964,Medium,Other
374,1358,0.8680765357502518,0,0.09150338670817842,Medium,Other
375,1359,0.9848942598187311,2,1.7855943242301144,High,Other
376,1362,0.3168516649848638,2,1.9094878151468806,Low,Other
377,1363,0.9131313131313131,0,0.17243765548472728,Medium,Other
378,1364,0.6131313131313131,4,3.761635967867913,Medium,Other
379,1365,0.9868421052631579,4,4.157234241294468,High,Other
380,1366,0.8794326241134752,3,2.8909273873867,Medium,Other
381,1367,0.6913705583756345,1,0.8090824138108281,Medium,Other
382,1382,0.3235908141962422,1,1.0983685826820753,Low,Other
383,1384,0.8827292110874201,2,2.064471423389942,Medium,Other
384,1393,0.9163135593220338,5,5.188736006763526,Medium,Other
385,1394,0.9716386554621849,4,4.117535521901943,High,Other
386,1395,0.8539915966386554,3,3.1517404651924243,Medium,Other
387,1396,0.9596602972399151,3,2.891017286285653,High,Other
388,1408,0.8751322751322751,3,2.8387197718898616,Medium,Other
389,1409,0.8619599578503688,3,3.1253073758204293,Medium,Other
390,1410,0.8482613277133825,2,2.153417369633632,Medium,Other
391,1411,0.5798319327731093,1,1.2452525710003366,Medium,Other
392,1412,0.5535714285714286,3,2.9563088384557132,Low,Other
393,1413,0.6719409282700421,3,2.9360090428963916,Medium,Other
394,1414,0.5928270042194093,2,2.1382064803709984,Medium,Other
395,1452,0.37261146496815284,1,0.9204017701265089,Low,Other
396,1460,0.7552742616033755,4,4.215378662801783,Medium,Other
397,1461,0.9419831223628692,3,3.179206375921506,High,Other
398,1462,0.6996838777660696,3,2.964497013687509,Medium,Other
399,1463,0.9716981132075472,4,4.1254355338957485,High,Other
400,1464,0.5262054507337526,2,2.1272714370423413,Low,Other
401,1465,0.9697601668404588,5,4.8015619344179665,High,Other
402,1466,0.7302083333333333,1,1.2012764533397833,Medium,Other
403,1468,0.8653846153846154,2,2.0026261862239285,Medium,Other
404,1469,0.9094827586206896,4,4.163228733053871,Medium,Other
405,1480,0.6434782608695652,0,-0.08997519948469412,Medium,Other
406,1481,0.8947939262472885,1,1.1977616142481002,Medium,Other
407,1515,0.8781014023732471,4,3.9446008393670815,Medium,Other
408,1516,0.9163952225841476,0,-0.24458117425985082,Medium,Other
409,1517,0.841304347826087,4,4.202690988209632,Medium,Other
410,1518,0.7570498915401301,0,-0.20435666160693322,Medium,Other
411,1519,0.8714902807775378,2,1.9096568187952074,Medium,Other
412,1520,0.49134199134199136,5,5.225030983525403,Low,Other
413,1521,0.7982456140350878,0,0.22530357346877805,Medium,Other
414,1522,0.7548845470692718,5,5.036718944061643,Medium,Other
415,1523,0.49812734082397003,2,2.0659186060848995,Low,Other
416,1524,0.4346368715083799,2,1.9742227609891598,Low,Other
417,1525,0.3958333333333333,2,1.8966053858490324,Low,Other
418,1528,0.39060832443970117,2,1.914332272684958,Low,Other
419,1529,0.48261327713382507,2,2.0862592280385193,Low,Other
420,1530,0.46,1,1.12618726471884,Low,Other
421,1531,0.4140786749482402,1,1.1457895218629242,Low,Other
422,1532,0.3440082644628099,3,3.144809071397277,Low,Other
423,1533,0.6635706914344686,2,1.795603051524345,Medium,NBD1
424,1534,0.6577319587628866,2,1.9972101523512906,Medium,NBD1
425,1535,0.891640866873065,0,-0.22122061999167786,Medium,NBD1
426,1536,0.31283138918345704,3,3.0247644411618677,Low,NBD1
427,1537,0.5387797311271976,1,0.9707652506866885,Low,NBD1
428,1538,0.862603305785124,3,3.1938520913791497,Medium,NBD1
429,1539,0.8742268041237113,1,0.9254575062760393,Medium,NBD1
430,1540,0.9278350515463918,1,0.808533508213803,Medium,NBD1
431,1541,0.4937888198757764,3,2.821495841026418,Low,NBD1
432,1542,0.9368530020703933,1,1.1307553158587362,High,NBD1
433,1543,0.7389558232931727,1,1.0591090316581306,Medium,NBD1
434,1565,0.498812351543943,4,3.800561338061395,Low,NBD1
435,1566,0.9644396551724138,3,2.7920534030574986,High,NBD1
436,1567,0.521551724137931,2,2.10048456572956,Low,NBD1
437,1568,0.4983957219251337,2,1.7863815031820969,Low,NBD1
438,1569,0.7322175732217573,2,2.1609300296451783,Medium,NBD1
439,1570,0.9555325749741469,3,3.103121113578248,High,NBD1
440,1571,0.9525773195876288,3,2.79067439032095,High,NBD1
441,1572,0.9938144329896907,2,1.792418857042596,High,NBD1
442,1573,0.6670103092783505,1,1.2433197892505876,Medium,NBD1
443,1574,0.5221421215242018,5,4.93713539787806,Low,NBD1
444,1575,0.9670442842430484,5,4.935321073533445,High,NBD1
445,1576,0.6205128205128205,2,2.156399783628751,Medium,NBD1
446,1577,0.526207605344296,0,0.22362428869192935,Low,NBD1
447,1578,0.39692307692307693,2,2.2430005319114352,Low,NBD1
448,1579,0.5271794871794871,5,5.126689092629471,Low,NBD1
449,1580,0.8266666666666667,4,3.9381297927654577,Medium,NBD1
450,1581,0.7323076923076923,3,2.7917503583493346,Medium,NBD1
451,1582,0.9938461538461538,3,3.1385734579637186,High,NBD1
452,1583,0.5087179487179487,2,2.0292021248679024,Low,NBD1
453,1584,0.5261538461538462,1,0.9621110046234882,Low,NBD1
454,1585,0.96,2,2.203177192547368,High,NBD1
455,1586,0.9538461538461539,3,2.8055987411530756,High,NBD1
456,1587,0.9364102564102564,4,3.9963125521454295,High,NBD1
457,1588,0.6964102564102564,5,4.75567682238371,Medium,NBD1
458,1589,1.0,3,2.984330320997063,High,NBD1
459,1590,0.9456410256410256,3,2.7781516378409186,High,NBD1
460,1591,0.8871794871794871,1,0.809408958134036,Medium,NBD1
461,1592,0.997948717948718,0,-0.19123687661144756,High,NBD1
462,1593,0.5517948717948717,4,4.074605151058032,Low,NBD1
463,1594,1.0,2,2.1230224396327118,High,NBD1
464,1595,1.0,5,5.0416843825485795,High,NBD1
465,1596,0.5372393247269116,2,2.231086274237271,Low,NBD1
466,1597,0.997020854021847,2,1.937435289761852,High,NBD1
467,1598,0.9900695134061569,2,1.8928560431409305,High,NBD1
468,1599,0.9960278053624627,1,1.1842995640947303,High,NBD1
469,1600,0.9553128103277061,3,2.8617979192597263,High,NBD1
470,1601,0.6583912611717975,4,4.231611269720306,Medium,NBD1
471,1602,0.9473161033797217,2,1.756077237344908,High,NBD1
472,1603,0.5357852882703777,2,2.2349394133538194,Low,NBD1
473,1604,0.9771598808341608,2,1.771579955975288,High,NBD1
474,1605,0.9980139026812314,4,4.1955715568490355,High,NBD1
475,1606,0.9870903674280039,2,2.0138505545431498,High,NBD1
476,1607,0.45878848063555117,0,0.24648239805965017,Low,NBD1
477,1608,0.9215491559086395,5,4.7868982823677,Medium,NBD1
478,1609,0.8401191658391262,1,1.0269271422006603,Medium,NBD1
479,1610,0.7199602780536246,4,4.234651267809549,Medium,NBD1
480,1611,0.9990069513406157,4,4.011548922085074,High,NBD1
481,1616,0.8689175769612711,1,1.0646993190676313,Medium,NBD1
482,1617,0.9354518371400199,1,1.0978743444923085,High,NBD1
483,1618,0.5719960278053625,2,1.9772705323838866,Low,NBD1
484,1621,0.9443892750744787,2,2.0637790400420317,High,NBD1
485,1622,0.9503475670307845,4,4.04215715596155,High,NBD1
486,1623,0.9960278053624627,0,0.2005790052454945,High,NBD1
487,1624,0.958291956305859,2,1.772723190170729,High,NBD1
488,1625,0.8818272095332671,0,-0.10951840520388484,Medium,NBD1
489,1626,0.9553128103277061,3,3.2252057420382796,High,NBD1
490,1627,0.7904667328699106,4,4.195131891945458,Medium,NBD1
491,1628,0.6593843098311817,5,4.977828376392856,Medium,NBD1
492,1629,0.5918570009930486,1,1.0600662989007683,Medium,NBD1
493,1630,0.9990069513406157,6,5.888690591490566,High,NBD1
494,1631,0.45084409136047665,1,0.8440605798618807,Low,NBD1
495,1632,0.7745779543197616,5,4.981849202469991,Medium,NBD1
496,1633,1.0,5,4.926676114013026,High,NBD1
497,1634,0.9523336643495531,1,1.041828055925436,High,NBD1
498,1635,0.8927507447864945,4,3.7888673184824926,Medium,NBD1
499,1636,0.9463753723932473,4,4.2371974038330835,High,NBD1
500,1637,0.9860973187686196,2,2.2431053722398016,High,NBD1
501,1638,0.9592850049652433,3,3.0990808570098727,High,NBD1
502,1639,0.9433962264150944,4,4.01804818317206,High,NBD1
503,1640,0.5163853028798411,2,1.904763808143164,Low,NBD1
504,1641,0.5342601787487586,2,2.1568975098534744,Low,NBD1
505,1642,1.0,1,1.0923655862769397,High,NBD1
506,1643,0.997020854021847,6,5.831308469672446,High,NBD1
507,1644,0.48957298907646474,3,3.2054635922469212,Low,NBD1
508,1645,0.9960278053624627,8,8.161268621461584,High,NBD1
509,1646,0.9990069513406157,2,2.224899956645962,High,NBD1
510,1647,0.5084409136047666,2,2.11285975419418,Low,NBD1
511,1648,0.4617676266137041,2,2.056707597967895,Low,NBD1
512,1649,0.9493545183714002,2,1.9591215181453094,High,NBD1
513,1650,0.9473684210526315,2,2.216364241677007,High,NBD1
514,1651,0.9265143992055611,4,4.183031944750204,Medium,NBD1
515,1677,0.7686196623634558,6,5.772609335053095,Medium,NBD1
516,1678,0.9662363455809335,4,3.763183487248626,High,NBD1
517,1679,0.9950347567030785,3,2.938231683439025,High,NBD1
518,1680,0.34955312810327704,1,1.1552766653909163,Low,NBD1
519,1681,0.9215491559086395,3,3.243638064657472,Medium,NBD1
520,1682,0.8689175769612711,3,2.8252084455517643,Medium,NBD1
521,1683,0.8440913604766633,4,4.047065357676067,Medium,NBD1
522,1684,0.8480635551142006,1,0.9404454283155108,Medium,NBD1
523,1685,0.9493545183714002,1,1.2349571989073016,High,NBD1
524,1686,0.9950347567030785,3,3.1710594615678542,High,NBD1
525,1687,0.9394240317775571,2,2.169164352355569,High,NBD1
526,1688,1.0,1,0.9843465798974851,High,NBD1
527,1689,0.9185700099304865,3,2.9574097511688326,Medium,NBD1
528,1745,0.9131455399061033,4,3.8867035359653532,Medium,NBD1
529,1746,0.9363817097415507,3,2.778187748325464,High,NBD1
530,1747,0.4831013916500994,6,6.182361188127526,Low,NBD1
531,1748,0.4218905472636816,1,1.1564505045650388,Low,NBD1
532,1750,0.4437810945273632,4,4.249858836643066,Low,NBD1
533,1751,0.5159362549800797,2,2.248318418536953,Low,NBD1
534,1752,0.7138584247258225,3,3.0277158528013137,Medium,NBD1
535,1753,0.7497507477567298,2,2.1344937075902553,Medium,NBD1
536,1754,0.8933200398803589,2,2.222382864941214,Medium,NBD1
537,1755,0.9880358923230309,3,3.1748236953387057,High,NBD1
538,1756,0.45164506480558325,6,5.873674050871599,Low,NBD1
539,1757,0.7734530938123753,3,2.975272067655047,Medium,NBD1
540,1758,0.42015968063872255,4,3.8145797075757475,Low,NBD1
541,1759,0.8363273453093812,2,2.227025513629361,Medium,NBD1
542,1760,0.561,5,5.05308731722544,Low,NBD1
543,1761,0.898,2,1.8643214027517314,Medium,NBD1
544,1762,0.9310689310689311,2,2.0858503422029284,Medium,NBD1
545,1765,0.994005994005994,3,3.059064120228948,High,NBD1
546,1766,0.427,3,2.92908135901642,Low,NBD1
547,1767,0.765,3,2.8067787960998145,Medium,NBD1
548,1768,1.0,3,3.0857865977963996,High,NBD1
549,1769,0.9979939819458375,4,4.010153850451896,High,NBD1
550,1779,0.992992992992993,3,3.13615919586782,High,NBD1
551,1780,0.998995983935743,5,5.0100817505559965,High,NBD1
552,1781,1.0,4,4.17609075015927,High,NBD1
553,1782,0.878391959798995,4,4.025953419387243,Medium,NBD1
554,1783,0.9929718875502008,3,3.030468985767693,High,NBD1
555,1784,1.0,2,2.1883268013291723,High,NBD1
556,1785,0.6730190571715146,2,1.9517414331061986,Medium,NBD1
557,1786,0.5024975024975025,4,3.81700761422532,Low,NBD1
558,1787,0.9870259481037924,3,2.7643913381566696,High,NBD1
559,1788,0.986986986986987,6,6.127568627836809,High,NBD1
560,1789,0.9845360824742269,4,4.060154775676732,High,NBD1
561,1793,0.970954356846473,4,4.102039884049612,High,NBD1
562,1794,0.884375,3,2.8564820807544553,Medium,NBD1
563,1795,0.9916666666666667,5,4.818185737793385,High,NBD1
564,1796,0.8519290928050052,2,1.757272332833941,Medium,NBD1
565,1797,0.9666319082377477,5,4.925293779403298,High,NBD1
566,1799,0.9843587069864442,2,2.0449588434273167,High,NBD1
567,1800,0.9821989528795811,2,1.946122022549866,High,NBD1
568,1801,0.8481675392670157,3,2.9687374610118646,Medium,NBD1
569,1802,0.9905759162303664,4,4.202079347246874,High,NBD1
570,1803,0.9947643979057592,3,2.92412773351165,High,NBD1
571,1804,0.9361256544502617,1,1.0069947445799055,High,NBD1
572,1805,0.9968586387434555,4,4.141826506370571,High,NBD1
573,1806,0.6366492146596858,2,1.948271391160635,Medium,NBD1
574,1807,0.9968586387434555,4,4.061043350113937,High,NBD1
575,1808,0.9382198952879581,2,2.1811818543733725,High,NBD1
576,1809,0.44712041884816756,4,4.224760311828821,Low,NBD1
577,1810,0.5582371458551941,3,2.823536740464519,Low,NBD1
578,1811,0.9403765690376569,3,3.2132938125807473,High,NBD1
579,1812,0.9968619246861925,6,5.996058146539769,High,NBD1
580,1813,0.5985324947589099,2,1.8791221941494791,Medium,NBD1
581,1814,0.32116788321167883,2,1.9795678781191306,Low,NBD1
582,1815,0.9343065693430657,3,3.2400162876427387,High,NBD1
583,1816,0.9333333333333333,2,1.9963090469964349,Medium,NBD1
584,1817,0.9073881373569199,1,0.914375805143754,Medium,NBD1
585,1818,0.854318418314256,2,2.066700427158363,Medium,NBD1
586,1819,0.9001040582726326,2,1.8700728093890966,Medium,NBD1
587,1820,0.9896157840083074,3,2.787931664054332,High,NBD1
588,1821,0.8324715615305067,5,4.814439860955325,Medium,NBD1
589,1822,0.47195767195767196,4,3.8140229194788864,Low,NBD1
590,1930,0.979,2,1.8259513467561472,High,NBD1
591,1932,0.6117764471057884,1,0.8194135863247051,Medium,NBD1
592,1933,0.9520958083832335,1,1.0704373724016074,High,NBD1
593,1934,0.8762475049900199,1,0.8409400421995724,Medium,NBD1
594,1935,0.941351888667992,2,1.9228336416619316,High,NBD1
595,1938,0.9214711729622267,4,4.198394204953006,Medium,NBD1
596,1939,0.7793240556660039,1,0.9869808201314362,Medium,NBD1
597,1940,0.4701789264413519,4,4.083778869260514,Low,NBD1
598,1941,0.9880715705765407,3,2.836159935600815,High,NBD1
599,1942,0.9105367793240556,1,0.8461445094043354,Medium,NBD1
600,1943,0.9801390268123138,1,0.7704343081332394,High,NBD1
601,1944,0.8520357497517378,5,4.834467531536082,Medium,NBD1
602,1945,0.579940417080437,1,0.8892951695159793,Medium,NBD1
603,1946,0.9761668321747765,4,3.8385052421383734,High,NBD1
604,1947,0.9980139026812314,4,3.794351266878528,High,NBD1
605,1948,0.8609731876861966,2,1.8103179355503003,Medium,NBD1
606,1949,0.945382323733863,2,1.9803893840163629,High,NBD1
607,1950,0.6186693147964251,3,2.8531668592028963,Medium,NBD1
608,1951,0.8659384309831182,2,1.9321349305240378,Medium,NBD1
609,1952,0.9255213505461768,3,3.0017086354274283,Medium,NBD1
610,1953,0.9930486593843099,3,3.0951974143146828,High,NBD1
611,1954,0.9324726911618669,2,1.7696560699205495,Medium,NBD1
612,1955,0.48063555114200596,0,0.14970519945452132,Low,NBD1
613,1956,0.9771598808341608,1,1.063950194745454,High,NBD1
614,1957,0.9781529294935452,4,3.790879515974436,High,NBD1
615,1958,0.8957298907646475,1,1.1867893120533886,Medium,NBD1
616,1959,0.9602780536246276,3,3.2104362002659066,High,NBD1
617,1960,0.974180734856008,2,1.7805389799274318,High,NBD1
618,1961,0.4945382323733863,2,1.8884388240736019,Low,NBD1
619,1962,0.9920477137176938,1,1.1531006398965307,High,NBD1
620,1963,0.941351888667992,5,5.124129845191829,High,NBD1
621,1964,0.47912524850894633,3,2.8422605096781886,Low,NBD1
622,1965,0.9980119284294234,1,0.8546746616683552,High,NBD1
623,1966,0.4115308151093439,2,1.935236051395691,Low,NBD1
624,1967,0.6451292246520874,3,2.9922614925955107,Medium,NBD1
625,1968,0.852882703777336,2,2.059127385765148,Medium,NBD1
626,1969,0.9453280318091452,1,0.9344568197848862,High,NBD1
627,1970,0.9532803180914513,1,0.981267358066574,High,NBD1
628,1971,0.9990059642147118,2,2.123735469066878,High,NBD1
629,1972,0.856858846918489,3,2.768341601445299,Medium,NBD1
630,1973,0.9493041749502982,1,0.8762184721720103,High,NBD1
631,1974,0.8747514910536779,2,2.106674792942276,Medium,NBD1
632,1975,0.9214711729622267,1,1.1976034188435998,Medium,NBD1
633,1976,0.9930417495029821,3,3.0058387210578332,High,NBD1
634,1977,0.9523336643495531,2,2.016056742632658,High,NBD1
635,1978,0.37835153922542203,3,2.803586005669888,Low,NBD1
636,1979,0.45174129353233833,1,0.9737061834117273,Low,NBD1
637,1980,0.9104477611940298,4,4.016308633227512,Medium,NBD1
638,1981,0.9334657398212513,2,1.8712352518173647,Medium,NBD1
639,1983,0.9483614697120158,3,2.8846216154746904,High,NBD1
640,1984,0.9880834160873883,2,1.9386420815523113,High,NBD1
641,1985,0.9166666666666666,4,3.760035598888863,Medium,NBD1
642,1986,0.9365079365079365,2,1.9110395827915891,High,NBD1
643,1987,0.5297619047619048,4,3.8557240034982723,Low,NBD1
644,1988,0.9761904761904762,3,2.9137486760889573,High,NBD1
645,1989,0.4851190476190476,4,3.8098810659096256,Low,NBD1
646,1990,0.9978947368421053,3,3.1952636403699475,High,NBD1
647,1991,0.4610526315789474,2,2.0467962267770243,Low,Other
648,1992,0.5196599362380446,4,4.0895511595722445,Low,Other
649,1993,0.5292242295430393,1,1.1445856193036692,Low,Other
650,1994,0.4874874874874875,3,2.9992210994645285,Low,Other
651,1995,0.9513888888888888,2,1.793460144043712,High,Other
652,1996,0.4305555555555556,3,3.018553270909274,Low,Other
653,1997,0.4761431411530815,1,1.0434205590104395,Low,Other
654,1998,0.4448857994041708,3,3.122719737092165,Low,R domain
655,1999,0.8411122144985105,2,1.9658297731148398,Medium,R domain
656,2000,0.9215491559086395,3,2.813790151397782,Medium,R domain
657,2001,0.9463753723932473,3,2.891887952899362,High,R domain
658,2002,0.951048951048951,3,2.9315411481993174,High,R domain
659,2009,0.444,1,1.0729586206658006,Low,R domain
660,2010,0.9570858283433133,1,1.035389152334456,High,R domain
661,2011,0.9120879120879121,4,3.928048362948923,Medium,R domain
662,2012,0.8212407991587802,0,0.24325762439648985,Medium,R domain
663,2013,0.9609704641350211,2,2.0528874096784437,High,R domain
664,2014,0.9905362776025236,3,2.8686133958679974,High,R domain
665,2015,0.9726315789473684,2,1.8008912363102019,High,R domain
666,2016,0.9842105263157894,2,1.826429569592166,High,R domain
667,2017,0.9410526315789474,2,1.872978864192254,High,R domain
668,2018,0.9978947368421053,4,3.830340686629778,High,R domain
669,2019,0.48998946259220233,1,0.8432835120256529,Low,R domain
670,2020,0.9978925184404637,2,1.8925475843469235,High,R domain
671,2021,0.36459430979978924,1,0.8366867976473774,Low,R domain
672,2022,0.60695468914647,2,2.1983827123132125,Medium,R domain
673,2023,0.4946004319654428,2,1.7901168728308212,Low,R domain
674,2024,0.34177215189873417,4,4.012255694785127,Low,R domain
675,2028,0.3760869565217391,2,1.9551984134948308,Low,R domain
676,2030,0.21258134490238612,3,3.2411893084543033,Low,R domain
677,2031,0.47002141327623126,0,-0.19398054891597383,Low,R domain
678,2032,0.4311632870864461,1,0.9489277995228709,Low,R domain
679,2033,0.34049409237379163,2,2.2347352166376844,Low,R domain
680,2034,0.4603550295857988,0,0.18275356294699013,Low,R domain
681,2035,0.49702734839476814,2,2.15853603547464,Low,R domain
682,2036,0.3776978417266187,3,2.87895141352247,Low,R domain
683,2037,0.5089058524173028,2,1.835443793695033,Low,R domain
684,2038,0.4785005512679162,5,5.084321609962215,Low,R domain
685,2039,0.549929676511955,5,5.214687994563793,Low,R domain
686,2040,0.8987179487179487,2,2.0283814465069647,Medium,R domain
687,2041,0.9234184239733629,1,1.03580634473495,Medium,R domain
688,2042,0.5121951219512195,3,2.889989546830142,Low,R domain
689,2043,0.8477546549835706,2,2.1347464665959683,Medium,R domain
690,2044,0.41721854304635764,1,0.8435218742787617,Low,R domain
691,2045,0.32453245324532454,3,2.911839618202122,Low,R domain
692,2069,0.35217903415783275,5,4.962718219308209,Low,R domain
693,2070,0.4300341296928328,3,3.0038051893422275,Low,R domain
694,2071,0.28824833702882485,0,-0.12879513379245988,Low,R domain
695,2072,0.7350054525627044,3,2.8074184123696018,Medium,R domain
696,2073,0.8548559231590181,1,1.0553100212208162,Medium,R domain
697,2074,0.9946695095948828,2,1.8943152766201279,High,R domain
698,2075,0.9743863393810032,1,1.040619110711306,High,R domain
699,2076,0.453091684434968,2,1.8271813576371012,Low,R domain
700,2077,0.9989339019189766,2,1.9905700509274087,High,R domain
701,2078,0.5042643923240938,0,0.01629471627579293,Low,R domain
702,2079,0.645610278372591,1,0.7759117684112135,Medium,R domain
703,2080,0.40405117270788915,3,2.9183021390969603,Low,R domain
704,2082,0.7840425531914894,3,2.817207338469487,Medium,R domain
705,2083,0.676595744680851,1,0.7816874852363839,Medium,R domain
706,2084,0.40861344537815125,2,2.2449801161949727,Low,R domain
707,2085,0.5282426778242678,2,1.9111769224873614,Low,R domain
708,2086,0.4385245901639344,1,1.1549372229273174,Low,R domain
709,2089,0.8963414634146342,3,2.8773203273818817,Medium,R domain
710,2090,0.9298067141403866,4,4.090751361111964,Medium,R domain
711,2091,0.7931034482758621,2,2.1301139299448435,Medium,R domain
712,2093,0.9867482161060143,1,1.0478193703039222,High,R domain
713,2094,0.461864406779661,1,0.9857880942750792,Low,R domain
714,2095,0.4845580404685836,2,1.9559204570736344,Low,R domain
715,2097,0.5225806451612903,3,2.9244341332714976,Low,R domain
716,2098,0.47013274336283184,4,4.214764572123913,Low,R domain
717,2099,0.27801724137931033,2,2.1653097038938647,Low,R domain
718,2100,0.3336898395721925,2,2.2325134553332564,Low,R domain
719,2103,0.342534504391468,1,0.8121486117427723,Low,R domain
720,2104,0.6181150550795593,3,3.115433737601822,Medium,R domain
721,2105,0.31016042780748665,2,2.219170228410519,Low,R domain
722,2116,0.8898678414096917,2,1.8406165330828301,Medium,R domain
723,2117,0.9327548806941431,1,0.7832481336833887,Medium,R domain
724,2118,0.7663934426229508,4,4.120560324645029,Medium,R domain
725,2119,0.8023715415019763,2,2.037236556589956,Medium,R domain
726,2120,0.486,1,1.170914388379136,Low,R domain
727,2122,0.39803439803439805,3,2.819886188313145,Low,R domain
728,2123,0.4573643410852713,1,1.1476336559299452,Low,R domain
729,2126,0.29637526652452023,4,3.8508136600238725,Low,R domain
730,2127,0.6706008583690987,3,2.831827971432852,Medium,R domain
731,2128,0.4260230849947534,3,2.8321328989654964,Low,R domain
732,2129,0.36306400839454356,2,2.157287360115691,Low,R domain
733,2130,0.8326359832635983,0,0.08259861034810007,Medium,R domain
734,2131,0.9749739311783108,1,1.0115327123845597,High,R domain
735,2132,0.5993756503642039,3,2.929415242061751,Medium,R domain
736,2133,0.47429171038824763,0,0.18860027040655414,Low,R domain
737,2134,0.9808274470232089,3,2.946222553711318,High,R domain
738,2135,0.5479313824419778,3,3.1582997197357887,Low,R domain
739,2154,0.9320794148380356,2,1.9695674542851092,Medium,R domain
740,2155,0.9769874476987448,2,1.9384722147124538,High,R domain
741,2156,0.5199579831932774,1,0.9813398928348032,Low,R domain
742,2157,0.40293809024134314,1,0.900688937082071,Low,R domain
743,2159,0.6350210970464135,1,1.1238046900881256,Medium,R domain
744,2160,0.8170347003154574,3,3.0013601950462396,Medium,R domain
745,2161,0.49369747899159666,2,1.8661063475734085,Low,R domain
746,2162,0.7554179566563467,1,1.1997872866372843,Medium,R domain
747,2163,0.4865702479338843,2,1.9419456106866058,Low,R domain
748,2169,0.2816032887975334,2,2.0217764305569945,Low,R domain
749,2170,0.8799171842650103,1,1.2032360554822734,Medium,R domain
750,2171,0.8115942028985508,3,3.062118997956996,Medium,R domain
751,2172,0.8643892339544513,4,3.808449020354182,Medium,R domain
752,2173,0.6043841336116911,4,4.219916061806738,Medium,R domain
753,2174,0.7459677419354839,3,3.063854026535709,Medium,R domain
754,2176,0.28818737270875766,3,2.917452807328543,Low,R domain
755,2177,0.46185147507629704,2,1.8196360363316937,Low,R domain
756,2178,0.48114169215086644,3,3.147012594635148,Low,R domain
757,2188,0.3250517598343685,3,3.0600363779642565,Low,R domain
758,2189,0.4337474120082816,0,0.01673054598816076,Low,R domain
759,2190,0.38204592901878914,1,1.196946291525479,Low,R domain
760,2191,0.4407484407484408,5,5.144298605612265,Low,R domain
761,2192,0.6068464730290456,2,1.8258374398663757,Medium,R domain
762,2193,0.3295218295218295,3,2.905861033897774,Low,R domain
763,2194,0.7486855941114616,3,2.874244569907233,Medium,R domain
764,2195,0.6004842615012107,3,3.1219731462863383,Medium,R domain
765,2197,0.9757869249394673,3,2.7667662173678895,High,R domain
766,2198,0.9783950617283951,3,3.0349448424356584,High,R domain
767,2199,0.9732510288065843,3,3.1312293428703453,High,R domain
768,2200,0.9875389408099688,1,1.1883828183808747,High,R domain
769,2201,0.993717277486911,1,0.9210408743579537,High,R domain
770,2202,0.9947643979057592,0,0.16062865233600643,High,R domain
771,2203,0.40842105263157896,1,0.8053158684776036,Low,R domain
772,2204,0.49843260188087773,0,0.1732261458672591,Low,R domain
773,2205,0.5747126436781609,0,-0.1862556688340088,Low,R domain
774,2207,0.9873949579831933,1,0.9486436452801836,High,R domain
775,2208,0.4363827549947424,3,3.1486476828897767,Low,R domain
776,2209,0.43028322440087147,2,1.8249587136743868,Low,R domain
777,2211,0.487778958554729,0,-0.13537430238367926,Low,R domain
778,2237,0.7214137214137214,0,0.11112628419653314,Medium,R domain
779,2238,0.7162740899357601,3,3.1100182682730373,Medium,R domain
780,2239,0.6461377870563675,1,1.0705738164426486,Medium,R domain
781,2240,0.4551148225469729,4,4.09697422223355,Low,R domain
782,2241,0.49113660062565173,2,2.0213622216737983,Low,R domain
783,2242,0.4384133611691023,2,1.8758995294534764,Low,R domain
784,2245,0.30835734870317005,1,0.9228479967519597,Low,R domain
785,2246,0.30991735537190085,5,4.840798858400713,Low,R domain
786,2247,0.3384446878422782,1,1.2042252806668141,Low,R domain
787,2248,0.48,1,1.0416958973830601,Low,R domain
788,2249,0.5697674418604651,2,1.95042570838182,Low,R domain
789,2250,0.5058201058201058,2,1.9810029018220663,Low,R domain
790,2251,0.47940865892291445,0,0.22364166980590766,Low,R domain
791,2252,0.4861407249466951,2,1.8266757015580402,Low,R domain
792,2253,0.6254002134471718,6,6.043114916008399,Medium,R domain
793,2254,0.8900634249471459,1,1.002944339442233,Medium,R domain
794,2255,0.49261603375527424,5,5.055727117717324,Low,R domain
795,2256,0.9841938883034773,2,1.7590550919104202,High,R domain
796,2257,0.32214060860440713,2,2.1860619544720756,Low,R domain
797,2258,0.3972746331236897,3,3.2160591412418063,Low,R domain
798,2259,0.9396462018730489,4,4.0325665917946045,High,R domain
799,2264,0.9165797705943691,4,4.098325411938446,Medium,R domain
800,2265,0.3188559322033898,4,4.211249690588648,Low,R domain
801,2266,0.4091880341880342,4,4.103619317156699,Low,R domain
802,2267,0.9362162162162162,2,1.8262695214571307,High,R domain
803,2268,0.5042283298097252,1,1.0381441800834066,Low,R domain
804,2275,0.935965848452508,4,4.053357523191428,High,R domain
805,2276,0.5489989462592202,0,-0.03793466434880699,Low,R domain
806,2277,0.9926238145416227,3,3.1182221178123615,High,R domain
807,2278,0.9578503688092729,3,3.217183507384507,High,R domain
808,2279,0.9968387776606955,1,1.2127842564533882,High,R domain
809,2280,0.48788198103266595,3,2.9754196857020663,Low,R domain
810,2282,0.9864583333333333,4,3.8066190229203776,High,R domain
811,2283,0.9905561385099685,3,3.2424205994811675,High,R domain
812,2284,0.938090241343127,2,2.169449043222967,High,R domain
813,2285,0.9926547743966422,3,2.8123313406016335,High,R domain
814,2286,0.44713656387665196,2,2.210420941308686,Low,R domain
815,2287,0.8537095088819227,2,2.1849481810310643,Medium,R domain
816,2288,0.832810867293626,1,1.009419028563036,Medium,R domain
817,2289,0.48905109489051096,2,2.0456377178724647,Low,R domain
818,2294,0.42458677685950413,2,1.9495013519350652,Low,R domain
819,2295,0.6256410256410256,1,0.7773808194110157,Medium,R domain
820,2297,0.9080694586312564,2,1.9175986208229505,Medium,R domain
821,2298,0.6912820512820513,3,3.1514267242990055,Medium,R domain
822,2299,0.7131147540983607,2,1.7523160115023013,Medium,R domain
823,2300,0.6528925619834711,3,2.9167495858455723,Medium,R domain
824,2303,0.4600409836065574,2,1.9490843467954717,Low,R domain
825,2304,0.45867768595041325,2,2.0186978014689614,Low,R domain
826,2305,0.9443298969072165,3,3.2099278082063805,High,R domain
827,2306,0.8295687885010267,3,2.9231729971829807,Medium,R domain
828,2308,0.8475609756097561,4,3.923476600948114,Medium,R domain
829,2309,0.4842319430315361,1,1.1187506240548741,Low,R domain
830,2310,0.44731404958677684,3,2.9761089704449035,Low,R domain
831,2311,0.5106382978723404,5,4.862302411469991,Low,R domain
832,2312,0.8953846153846153,4,3.9762197580663465,Medium,Other
833,2316,0.9319654427645788,1,0.8204285101898999,Medium,Other
834,2317,0.3918781725888325,3,2.8381934932531117,Low,Other
835,2318,0.8744131455399061,4,3.9991838863697398,Medium,Other
836,2319,0.5746180963572268,2,1.959462724752274,Low,Other
837,2323,0.30434782608695654,2,2.20742295053405,Low,Other
838,2324,0.7754279959718026,1,0.9311969495583166,Medium,Other
839,2325,0.44410876132930516,2,2.040294175139022,Low,Other
840,2326,0.3777555110220441,1,1.066132143959765,Low,Other
841,2327,0.4624624624624625,5,4.756547228294167,Low,Other
842,2328,0.41,0,0.0817686860083553,Low,Other
843,2329,0.53,1,0.8390179834348757,Low,Other
844,2330,0.93,1,1.2305351587347275,Medium,Other
845,2331,0.4574574574574575,1,0.8243313638765565,Low,Other
846,2332,0.952,3,2.957312061863512,High,Other
847,2333,0.682,2,1.792674834039322,Medium,Other
848,2334,0.9369369369369369,1,1.2484371259229736,High,Other
849,2335,0.986986986986987,4,4.001097505165621,High,Other
850,2336,0.6636636636636637,2,2.0476925086600217,Medium,Other
851,2337,0.947,3,2.783538238694214,High,Other
852,2338,0.9798792756539235,3,3.124980235199589,High,Other
853,2339,0.5125881168177241,3,2.854952796547793,Low,Other
854,2340,0.6304128902316214,4,4.199027144720357,Medium,Other
855,2341,0.42900302114803623,2,1.8525698202410035,Low,Other
856,2342,0.5015105740181269,1,0.8453438603318333,Low,Other
857,2343,0.5649546827794562,3,2.7682748339240475,Low,Other
858,2344,0.5484848484848485,3,2.9860334725549995,Low,Other
859,2345,0.9033232628398792,1,1.0324205666313082,Medium,TMD2
860,2346,0.41967871485943775,3,2.7828543197141764,Low,TMD2
861,2347,0.4624624624624625,2,2.1377638083475055,Low,TMD2
862,2348,0.9533898305084746,2,1.9766444173740139,High,TMD2
863,2349,0.9476334340382678,0,0.01219513466379002,High,TMD2
864,2350,0.8824120603015075,2,1.970381373469114,Medium,TMD2
865,2351,0.5156092648539778,0,-0.04961846956233701,Low,TMD2
866,2352,0.4763819095477387,3,3.029820165654109,Low,TMD2
867,2354,0.3849246231155779,1,0.8276201229653563,Low,TMD2
868,2355,0.3434038267875126,3,2.8409640652476353,Low,TMD2
869,2356,0.5075834175935288,4,4.180892810506759,Low,TMD2
870,2357,0.8265720081135902,0,0.22305773106681637,Medium,TMD2
871,2358,0.450920245398773,1,0.9366546581398765,Low,TMD2
872,2359,0.39282051282051283,3,2.885372336571777,Low,TMD2
873,2360,0.9072164948453608,4,4.071999771619508,Medium,TMD2
874,2361,0.9047619047619048,3,2.9543670855490483,Medium,TMD2
875,2362,0.6283924843423799,2,1.7626931778301724,Medium,TMD2
876,2363,0.30518018018018017,4,3.8280762986830954,Low,TMD2
877,2364,0.7710437710437711,1,1.1079861144236989,Medium,TMD2
878,2365,0.42091152815013405,2,2.0794619709550757,Low,TMD2
879,2389,0.5056390977443609,4,3.7635479962517415,Low,TMD2
880,2390,0.265375854214123,1,0.8609860809664747,Low,TMD2
881,2391,0.424971363115693,2,1.8655373982940358,Low,TMD2
882,2392,0.7222222222222222,3,3.085946371799364,Medium,TMD2
883,2393,0.2739393939393939,1,0.759855268877182,Low,TMD2
884,2394,0.33374384236453203,2,1.802054290992287,Low,TMD2
885,2395,0.2289156626506024,2,2.1499580426865945,Low,TMD2
886,2396,0.2623762376237624,0,-0.1607276689728332,Low,TMD2
887,2397,0.3402439024390244,2,2.0763730539259373,Low,TMD2
888,2398,0.32887189292543023,2,1.8690913905233633,Low,TMD2
889,2399,0.22448979591836735,2,1.7997206963796726,Low,TMD2
890,2400,0.42213114754098363,3,2.871586095499727,Low,TMD2
891,2401,0.4302554027504912,3,3.1111334659278294,Low,TMD2
892,2402,0.3329369797859691,0,0.17784823405314287,Low,TMD2
893,2403,0.2429245283018868,1,1.165109932283496,Low,TMD2
894,2404,0.4628975265017668,3,2.9485917648092275,Low,TMD2
895,2405,0.3345070422535211,3,3.084042568285323,Low,TMD2
896,2406,0.44547563805104406,2,1.8524921477079106,Low,TMD2
897,2435,0.5561735261401557,1,0.8965738651305066,Low,TMD2
898,2436,0.40843214756258234,2,2.19816790926056,Low,TMD2
899,2437,0.30749354005167956,2,1.756500961755368,Low,TMD2
900,2441,0.5194805194805194,2,1.792754265427234,Low,TMD2
901,2445,0.2863157894736842,2,1.8539431275730136,Low,TMD2
902,2446,0.29042224510813597,3,2.76326610193691,Low,TMD2
903,2447,0.3033367037411527,2,1.8407177175448988,Low,TMD2
904,2448,0.4848790322580645,1,1.041520780484846,Low,TMD2
905,2449,0.8354935194416749,1,0.9607122752962489,Medium,TMD2
906,2450,0.8987975951903807,1,1.1963358555384875,Medium,TMD2
907,2451,0.530060120240481,3,3.1587217808692203,Low,TMD2
908,2452,0.891542288557214,2,1.920908675848938,Medium,TMD2
909,2453,0.4383149448345035,2,1.8797117167156463,Low,TMD2
910,2454,0.9081632653061225,1,0.9398462040836335,Medium,TMD2
911,2455,0.9442190669371197,4,4.045147471257404,High,TMD2
912,2456,0.42204568023833167,3,2.884031820411438,Low,TMD2
913,2457,0.8927507447864945,3,3.0620744539245672,Medium,TMD2
914,2458,0.9602780536246276,1,0.9547058260956203,High,TMD2
915,2459,0.6673286991062563,2,2.0260235904259902,Medium,TMD2
916,2460,0.48908730158730157,1,0.9680632645676583,Low,TMD2
917,2461,0.9672619047619048,2,1.8972328797709588,High,TMD2
918,2462,0.9761904761904762,5,5.224226653481078,High,TMD2
919,2463,0.8521825396825397,4,4.13180289707988,Medium,TMD2
920,2464,0.9026812313803376,3,2.820056587883226,Medium,TMD2
921,2465,0.4985104270109235,3,3.1842339879489563,Low,TMD2
922,2466,0.4097222222222222,4,3.993715599124757,Low,TMD2
923,2467,0.5138888888888888,1,1.1972761134470458,Low,TMD2
924,2468,0.5565476190476191,4,4.149927627973658,Low,TMD2
925,2469,0.5347222222222222,4,3.962606752234617,Low,TMD2
926,2470,0.5,3,2.7612346541600585,Low,TMD2
927,2471,0.9216269841269841,2,1.884338679692473,Medium,TMD2
928,2472,0.9384920634920635,1,1.0208171073304335,High,TMD2
929,2473,0.7291666666666666,1,1.0667391099130736,Medium,TMD2
930,2474,0.9375,0,-0.12105615728339886,High,TMD2
931,2475,0.5505952380952381,0,-0.18032196296358793,Low,TMD2
932,2476,0.8432539682539683,1,1.1674651183996496,Medium,TMD2
933,2477,0.9970238095238095,2,2.242201090351776,High,TMD2
934,2478,0.9444444444444444,2,2.012845091151343,High,TMD2
935,2479,0.9464285714285714,0,-0.16416035707584825,High,TMD2
936,2480,0.9404761904761905,4,3.8861536632596847,High,TMD2
937,2481,0.9027777777777778,2,1.7591953382737333,Medium,TMD2
938,2482,0.9246031746031746,5,5.2071494032802494,Medium,TMD2
939,2483,0.9563492063492064,4,3.8088755414450706,High,TMD2
940,2484,0.8829365079365079,5,5.038258237757127,Medium,TMD2
941,2485,0.8670634920634921,2,1.887027610343603,Medium,TMD2
942,2486,0.5486111111111112,3,3.0270890012578966,Low,TMD2
943,2487,0.9027777777777778,2,2.075710194175932,Medium,TMD2
944,2488,0.8115079365079365,3,3.1648709018536008,Medium,TMD2
945,2489,0.9751984126984127,1,0.8532106358803015,High,TMD2
946,2490,0.9166666666666666,4,3.7554979143292404,Medium,TMD2
947,2491,0.38095238095238093,2,1.8184428150344036,Low,TMD2
948,2492,0.9950396825396826,2,2.2000093209240523,High,TMD2
949,2493,0.9950396825396826,3,3.1869450387812575,High,TMD2
950,2494,0.37797619047619047,3,3.048706551085154,Low,TMD2
951,2495,0.5615079365079365,2,2.0502584302168265,Low,TMD2
952,2556,1.0,5,5.082518337273128,High,TMD2
953,2557,0.8535300316122234,2,1.837685639311725,Medium,TMD2
954,2558,0.45521601685985247,3,3.20720597296248,Low,TMD2
955,2559,0.58,2,1.9593852624460366,Medium,TMD2
956,2560,0.9368421052631579,1,0.9415692641247487,High,TMD2
957,2561,0.96,1,1.0094588526414188,High,TMD2
958,2562,0.47157894736842104,1,0.7734829833875275,Low,TMD2
959,2563,0.9916142557651991,3,2.83314168437804,High,TMD2
960,2564,0.9758909853249476,3,3.119016808213185,High,TMD2
961,2565,0.9664570230607966,3,2.791399333962563,High,TMD2
962,2566,0.6568730325288562,2,2.0515760547331943,Medium,TMD2
963,2567,0.48163693599160545,3,2.8726745548406605,Low,TMD2
964,2568,0.7484276729559748,2,1.9446478070209883,Medium,TMD2
965,2569,0.9685534591194969,2,1.89434686838535,High,TMD2
966,2570,0.7232704402515723,3,2.9278363582324745,Medium,TMD2
967,2571,0.5041928721174004,2,2.1095229525921226,Low,TMD2
968,2572,0.9769392033542977,1,0.8985608578115876,High,TMD2
969,2573,0.539832285115304,2,2.0332023201484484,Low,TMD2
970,2604,0.9707792207792207,4,3.98802520109955,High,TMD2
971,2605,0.5110178384050367,1,1.081835582681324,Low,TMD2
972,2606,0.9286463798530955,2,2.218414869662379,Medium,TMD2
973,2607,0.4931794333683106,5,5.116286048605125,Low,TMD2
974,2608,0.9947534102833159,0,-0.14252981070462162,High,TMD2
975,2609,0.9926547743966422,1,0.7655915675306424,High,TMD2
976,2610,0.9989473684210526,2,1.8811320221499126,High,TMD2
977,2611,0.5079030558482613,4,4.047538965350127,Low,TMD2
978,2612,1.0,2,1.7757129067421251,High,TMD2
979,2613,1.0,5,4.998183123600618,High,TMD2
980,2614,0.48255234297108673,3,3.0484214244584447,Low,TMD2
981,2615,0.9202392821535393,2,1.9171219454084805,Medium,TMD2
982,2616,0.44466600199401796,2,2.135456101872911,Low,TMD2
983,2617,0.500996015936255,2,1.8032991265668858,Low,TMD2
984,2618,0.9850597609561753,4,3.787568890867904,High,TMD2
985,2619,0.9621513944223108,4,4.114094378101802,High,TMD2
986,2620,0.5094527363184079,2,1.9977456581030992,Low,TMD2
987,2621,0.9920398009950249,3,3.094201198213868,High,TMD2
988,2622,0.9900398406374502,2,1.9674136693018731,High,TMD2
989,2623,0.9223880597014925,1,0.8732010166195534,Medium,TMD2
990,2624,0.48753738783649053,4,4.1595511588370995,Low,TMD2
991,2625,0.3923923923923924,2,2.1497079394844896,Low,TMD2
992,2626,0.9599198396793587,4,4.097348235427213,High,TMD2
993,2627,0.9849094567404426,2,1.8860725686149813,High,TMD2
994,2665,0.5249204665959704,2,2.0451153334345435,Low,TMD2
995,2666,0.7724550898203593,2,1.9304869484700133,Medium,TMD2
996,2667,0.9661354581673307,1,0.7957910366633171,High,TMD2
997,2668,0.9057539682539683,1,1.2086567877311214,Medium,TMD2
998,2669,0.4126984126984127,4,3.8184093154594807,Low,TMD2
999,2670,0.8818272095332671,1,1.2251186769104012,Medium,TMD2
1000,2671,0.814299900695134,2,1.973002886478978,Medium,TMD2
1001,2672,0.9443339960238568,4,3.84256646441931,High,TMD2
1002,2673,0.46421471172962225,2,2.020950473689179,Low,TMD2
1003,2674,0.9781312127236581,3,3.1864729179382043,High,TMD2
1004,2675,0.8029850746268656,3,3.1161124432047806,Medium,TMD2
1005,2676,0.7806580259222333,3,3.153280573930725,Medium,TMD2
1006,2677,0.3708873379860419,3,3.0793916833553587,Low,TMD2
1007,2678,0.6271186440677966,0,0.09613828225892623,Medium,TMD2
1008,2679,0.9561316051844466,4,4.1745978257826595,High,TMD2
1009,2680,0.9102691924227319,3,2.874834004429593,Medium,TMD2
1010,2681,0.650049850448654,0,-0.005287518178429762,Medium,TMD2
1011,2682,0.44965104685942175,1,0.8606047209098011,Low,TMD2
1012,2683,0.4317048853439681,2,2.2438340039983236,Low,TMD2
1013,2684,0.9810568295114656,4,4.222029669843307,High,TMD2
1014,2685,0.9442786069651742,4,3.7697134056842527,High,TMD2
1015,2686,0.9243027888446215,1,1.1027875862578442,Medium,TMD2
1016,2687,0.9133466135458167,2,2.212624158707833,Medium,TMD2
1017,2688,0.5423728813559322,1,0.8402876725636668,Low,TMD2
1018,2689,0.9172482552342971,1,1.0339726152763147,Medium,TMD2
1019,2690,0.48055832502492524,2,2.207744148794021,Low,TMD2
1020,2691,0.46859421734795614,1,0.7669729892928994,Low,TMD2
1021,2692,0.9850448654037887,3,3.09871013362342,High,TMD2
1022,2693,0.5044865403788634,5,4.8986745036862755,Low,TMD2
1023,2694,0.43768693918245266,7,7.212198097688265,Low,TMD2
1024,2695,0.3798604187437687,2,2.235529122582684,Low,TMD2
1025,2696,0.47058823529411764,3,3.222133244556717,Low,TMD2
1026,2697,0.9511465603190429,2,1.987107108328732,High,TMD2
1027,2698,0.48554336989032904,2,2.181021325494657,Low,TMD2
1028,2699,0.3489531405782652,3,3.1722746992675352,Low,TMD2
1029,2700,0.851593625498008,1,0.9095502366216278,Medium,TMD2
1030,2701,0.9940239043824701,0,0.16445773707533867,High,TMD2
1031,2702,0.454726368159204,3,2.7685038173577463,Low,TMD2
1032,2703,0.9731610337972167,2,2.0481349392410264,High,TMD2
1033,2704,0.941351888667992,2,1.8650044186438515,High,TMD2
1034,2705,0.9781094527363184,3,2.8102834428886396,High,TMD2
1035,2706,0.4975124378109453,1,0.7884766008146046,Low,TMD2
1036,2707,0.972139303482587,3,3.0981443879390698,High,TMD2
1037,2708,0.4995014955134596,1,0.9199374818840331,Low,TMD2
1038,2709,0.9371884346959123,1,1.1123833857643808,High,TMD2
1039,2710,0.9452191235059761,2,1.7826781703994712,High,TMD2
1040,2711,0.9462151394422311,2,1.9076451689153051,High,TMD2
1041,2712,0.9940239043824701,2,2.0197456461876686,High,TMD2
1042,2713,0.7482587064676617,2,2.145361582419482,Medium,TMD2
1043,2714,0.9642147117296223,1,0.909376251466035,High,TMD2
1044,2715,0.9940357852882704,4,4.062945688218504,High,TMD2
1045,2716,0.48111332007952284,2,2.1929888741180936,Low,TMD2
1046,2717,0.9809725158562368,1,1.0579315940911522,High,TMD2
1047,2720,0.7407407407407407,5,4.8664797373768165,Medium,TMD2
1048,2721,0.9915343915343915,0,-0.237799609221731,High,TMD2
1049,2722,0.9121693121693122,2,2.185049436950465,Medium,TMD2
1050,2837,0.9970119521912351,2,1.7606347054251936,High,TMD2
1051,2838,0.938185443668993,3,3.1873508363421,High,TMD2
1052,2839,0.9920239282153539,3,3.0144685670136058,High,TMD2
1053,2840,0.5373878364905285,3,3.219533849256448,Low,TMD2
1054,2841,0.9950149551345963,6,6.149391617886833,High,TMD2
1055,2842,0.9720837487537388,1,1.2489670552666687,High,TMD2
1056,2843,0.5134596211365903,3,2.925355907725855,Low,TMD2
1057,2844,0.48554336989032904,2,2.1335941444655635,Low,TMD2
1058,2845,0.9651046859421735,0,-0.04903454319537892,High,TMD2
1059,2846,0.9730538922155688,2,1.9899378101519545,High,TMD2
1060,2847,0.9131736526946108,3,3.063752731609185,Medium,TMD2
1061,2850,1.0,3,3.186838557093169,High,TMD2
1062,2851,0.9930139720558883,2,2.2420417345996477,High,TMD2
1063,2852,0.9500998003992016,4,4.134136706932259,High,TMD2
1064,2853,0.9920159680638723,1,0.9588833910836669,High,TMD2
1065,2854,0.5279441117764471,5,4.960678501138535,Low,TMD2
1066,2861,0.999001996007984,4,4.118791150794446,High,TMD2
1067,2862,0.9830339321357285,5,4.8693885728841515,High,TMD2
1068,2863,0.9750499001996008,2,1.8052370565656974,High,TMD2
1069,2864,0.8003992015968064,2,1.9273110788203882,Medium,TMD2
1070,2865,0.9431137724550899,3,2.893619495827041,High,TMD2
1071,2866,0.9730538922155688,3,2.898154060227995,High,TMD2
1072,2867,0.4231536926147705,3,2.8668038755249547,Low,TMD2
1073,2868,0.9431137724550899,1,0.7710465948181809,High,TMD2
1074,2869,0.9870259481037924,2,1.758936967366707,High,TMD2
1075,2870,0.9461077844311377,0,0.24386119486801577,High,TMD2
1076,2871,0.781437125748503,3,2.9638865668679313,Medium,TMD2
1077,2872,0.9331337325349301,3,2.942163323579841,Medium,TMD2
1078,2873,0.9920159680638723,1,1.089823641346535,High,TMD2
1079,2874,0.937125748502994,3,2.859126943932532,High,TMD2
1080,2875,0.9421157684630739,3,3.224980591975113,High,TMD2
1081,2876,0.872255489021956,3,3.143172507207776,Medium,TMD2
1082,2877,0.9441674975074775,0,-0.20529449884387024,High,TMD2
1083,2878,0.942173479561316,2,1.9587903878924642,High,TMD2
1084,2879,0.48454636091724823,1,1.1895591537810823,Low,TMD2
1085,2880,0.9910358565737052,2,2.2223660111457053,High,TMD2
1086,2881,0.9711155378486056,3,2.983700755624935,High,TMD2
1087,2882,0.9372509960159362,3,3.0567056946053537,High,TMD2
1088,2883,0.4581673306772908,3,2.8335169730460374,Low,TMD2
1089,2884,0.9890438247011952,5,5.2455843130684885,High,TMD2
1090,2885,0.9611553784860558,1,0.8658358506917216,High,TMD2
1091,2886,0.609172482552343,1,1.2213658870675628,Medium,TMD2
1092,2887,0.9461615154536391,4,4.074823324496184,High,TMD2
1093,2888,0.9780658025922233,2,2.0538683974394294,High,TMD2
1094,2889,0.7716849451645065,2,2.0063442555082545,Medium,TMD2
1095,2890,0.8793619142572283,0,-0.13466509414112066,Medium,TMD2
1096,2891,0.9431704885343968,2,1.8382640160027541,High,TMD2
1097,2892,0.996011964107677,3,2.860243104535088,High,TMD2
1098,2893,0.9940179461615155,8,7.843219131072127,High,TMD2
1099,2894,0.9840478564307079,1,1.1397922367833766,High,TMD2
1100,2895,0.47058823529411764,2,1.925062629583365,Low,TMD2
1101,2896,0.47058823529411764,4,3.778921338281698,Low,TMD2
1102,2897,0.9501495513459621,3,3.2345513150704055,High,TMD2
1103,2898,0.43912175648702595,3,3.191892942481713,Low,TMD2
1104,2899,0.5788423153692615,1,1.2138761415976065,Low,TMD2
1105,2900,0.47904191616766467,4,4.247453911323218,Low,TMD2
1106,2901,0.8273453093812375,1,0.8369476246097436,Medium,TMD2
1107,2902,0.9151696606786427,2,1.9481210094513295,Medium,TMD2
1108,2903,0.8982035928143712,4,4.129119237852046,Medium,TMD2
1109,2904,0.3093812375249501,3,3.098010309026896,Low,TMD2
1110,2905,0.9800399201596807,2,1.8269479531699275,High,TMD2
1111,2906,0.9401197604790419,3,3.1579165624953087,High,TMD2
1112,2907,0.3403193612774451,2,1.8622202859183303,Low,TMD2
1113,2908,0.7564870259481038,1,0.8619088074113115,Medium,TMD2
1114,2909,0.5164835164835165,2,2.0184872114467067,Low,TMD2
1115,2910,0.563323201621074,4,4.046469967420852,Low,TMD2
1116,2911,0.9065989847715736,2,2.0400431039189058,Medium,TMD2
1117,2912,0.8871951219512195,3,2.795743418698877,Medium,TMD2
1118,2913,0.5045778229908443,4,4.18873043131519,Low,TMD2
1119,2914,0.48565573770491804,3,2.882800021294353,Low,TMD2
1120,2915,0.47638603696098564,2,1.814757460641402,Low,TMD2
1121,2916,0.903125,1,1.1943740399344887,Medium,TMD2
1122,2917,0.46346555323590816,2,2.2278257491148765,Low,TMD2
1123,2924,0.7524590163934426,3,3.181063808632725,Medium,TMD2
1124,2925,0.42955801104972374,2,2.154758037362439,Low,TMD2
1125,2926,0.568407960199005,2,2.077620990319511,Low,TMD2
1126,2927,0.5082135523613963,0,0.025428685304569654,Low,TMD2
1127,2928,0.9212678936605317,2,1.7934933799557051,Medium,TMD2
1128,2929,0.42943548387096775,3,2.9542266065353493,Low,TMD2
1129,2930,0.47839195979899496,3,2.936344258506157,Low,TMD2
1130,2931,0.9829488465396189,6,5.879876891880163,High,TMD2
1131,2932,0.941473259334006,2,2.1117100568442924,High,TMD2
1132,2933,0.8102926337033299,0,-0.0020621324606145963,Medium,TMD2
1133,2934,0.5105953582240161,1,0.790523107953824,Low,TMD2
1134,2935,0.5227043390514632,3,2.8600916009749056,Low,TMD2
1135,2936,0.9284274193548387,1,1.091629381829798,Medium,TMD2
1136,2937,0.9737903225806451,3,2.78806542974515,High,TMD2
1137,2938,0.9576185671039354,5,5.175603457024384,High,TMD2
1138,2939,0.4863498483316481,2,1.9975732635069872,Low,TMD2
1139,2942,0.935678391959799,1,0.990293288663324,High,TMD2
1140,2943,0.5025125628140703,5,5.046203892329759,Low,TMD2
1141,2944,0.7751004016064257,3,3.1623404829625748,Medium,TMD2
1142,2945,0.9005025125628141,2,1.9239046039510965,Medium,TMD2
1143,2946,0.5165496489468405,3,3.089008076279532,Low,TMD2
1144,2947,0.9809428284854563,2,2.0328659819978956,High,TMD2
1145,2948,0.9949698189134809,4,3.8835141350847104,High,TMD2
1146,2949,0.8462311557788945,3,3.189314993177579,Medium,TMD2
1147,2950,0.9026104417670683,2,2.148713010803464,Medium,TMD2
1148,2951,0.47647647647647645,2,2.0792259173292127,Low,TMD2
1149,2952,0.479313824419778,3,3.175290864547121,Low,TMD2
1150,2953,0.9898887765419616,2,2.1836471004799014,High,TMD2
1151,2956,0.9322033898305084,3,3.1041814883575176,Medium,TMD2
1152,2957,0.4557213930348259,2,2.168506664181836,Low,TMD2
1153,2958,0.9429429429429429,3,3.0987357308346417,High,TMD2
1154,2959,0.9309309309309309,5,5.09007038588015,Medium,TMD2
1155,2960,0.4934934934934935,1,1.059305689107592,Low,TMD2
1156,2961,0.8258258258258259,2,2.1263583197788205,Medium,Other
1157,3038,0.9968051118210862,2,1.8293025526465367,High,Other
1158,3039,0.9437751004016064,4,4.190435379599464,High,Other
1159,3040,0.9940179461615155,2,2.185921763872616,High,Other
1160,3041,0.9880358923230309,0,-0.23537635848272043,High,Other
1161,3042,0.39780658025922233,3,3.1629083752823814,Low,Other
1162,3043,0.9990029910269193,5,4.814434933736723,High,Other
1163,3044,0.7826520438683948,3,2.917559427129571,Medium,Other
1164,3045,0.9401794616151545,2,2.121754128145804,High,Other
1165,3046,0.9112662013958126,5,4.830379948024154,Medium,Other
1166,3047,0.9361914257228315,3,3.158983512059531,High,Other
1167,3048,0.9412350597609562,2,2.166067088978871,High,Other
1168,3049,0.9561752988047809,1,1.003733866880418,High,Other
1169,3050,0.5358565737051793,2,1.7531929358584168,Low,Other
1170,3051,0.897410358565737,3,2.8935190665874564,Medium,Other
1171,3052,0.3715139442231076,1,1.058463459187871,Low,Other
1172,3054,0.7315369261477046,2,2.2405930890137116,Medium,Other
1173,3055,0.42857142857142855,4,4.065906763508334,Low,Other
1174,3056,0.46324269889224573,1,0.8799017905320798,Low,Other
1175,3060,0.6936026936026936,2,2.067002851549806,Medium,Other
1176,3061,0.27797202797202797,2,2.019992689857928,Low,Other
1177,3062,0.5659722222222222,6,6.139922697575572,Low,Other
1178,3063,0.5392156862745098,2,1.8034903194134793,Low,Other
1179,3064,0.31272727272727274,2,2.130513951251014,Low,Other
1180,3065,0.7859778597785978,2,2.020633289338055,Medium,Other
1181,3066,0.740072202166065,2,2.2314960019294974,Medium,Other
1182,3067,0.367170626349892,2,1.9209360830193432,Low,Other
1183,3068,0.8406708595387841,3,3.0663109465669742,Medium,Other
1184,3069,0.341545352743561,2,2.2160140527550087,Low,Other
1185,3070,0.46349942062572425,1,0.8012548639953396,Low,Other
1186,3071,0.40176600441501104,2,2.2186142436182257,Low,Other
1187,3072,0.3307943416757345,3,3.0939428611504067,Low,Other
1188,3073,0.4411134903640257,4,3.783918529552586,Low,Other
1189,3074,0.2614240170031881,0,-0.09951821652659187,Low,Other
1190,3075,0.4502118644067797,4,4.10408604432264,Low,Other
1191,3076,0.68994708994709,4,3.783675300734386,Medium,Other
1192,3077,0.5523809523809524,1,1.0410852300881366,Low,Other
1193,3078,0.8645502645502645,2,1.9229415284764784,Medium,Other
1194,3079,0.5523809523809524,0,0.060457758883738555,Low,Other
1195,3080,0.9782383419689119,3,2.7728710169062563,High,Other
1196,3081,0.45228215767634855,3,3.185768403076188,Low,Other
1197,3082,0.784,3,3.2367444845886983,Medium,Other
1198,3083,0.5151515151515151,3,3.2344389276428456,Low,Other
1199,3084,0.7011884550084889,2,2.124825915871462,Medium,Other
1200,3085,0.3912310286677909,5,4.815043120065316,Low,Other
1201,3086,0.308,4,4.129131597964511,Low,Other
1202,3087,0.5514485514485514,3,2.7622934582294008,Low,Other
1203,3088,0.2340637450199203,2,1.7610617757644986,Low,Other
1204,3089,0.999003984063745,5,4.911805109574771,High,Other
1205,3090,0.999003984063745,2,1.994321595202333,High,Other
1206,3091,0.5647410358565738,2,2.1352037089038967,Low,Other
1207,3092,0.4631474103585657,0,0.0916476883032526,Low,Other
1208,3093,0.999001996007984,5,4.972951353188374,High,Other
1209,3094,0.7415169660678643,2,1.886813333140833,Medium,Other
1210,3095,0.8033932135728543,3,3.2485622500788556,Medium,NBD2
1211,3096,0.4456630109670987,0,-0.036909348882013526,Low,NBD2
1212,3097,0.909272183449651,4,3.975693512164838,Medium,NBD2
1213,3098,0.42971086739780656,3,2.8318119105958344,Low,NBD2
1214,3099,0.42115768463073855,5,5.147404774374965,Low,NBD2
1215,3100,0.9521435692921236,0,0.09684111289074432,High,NBD2
1216,3101,0.8652694610778443,1,0.8603848063943802,Medium,NBD2
1217,3102,0.48554336989032904,2,1.7911905228079212,Low,NBD2
1218,3103,0.864406779661017,0,0.09024965103735655,Medium,NBD2
1219,3104,0.9910269192422732,1,1.0772556071405677,High,NBD2
1220,3105,0.6231306081754736,2,1.8866297634991047,Medium,NBD2
1221,3106,0.6570289132602194,1,1.2254317811252051,Medium,NBD2
1222,3107,0.462,2,1.8255289458904502,Low,NBD2
1223,3108,0.9411764705882353,2,1.966167400521301,High,NBD2
1224,3109,0.3884462151394422,1,1.2218079600837994,Low,NBD2
1225,3110,0.6743027888446215,2,1.959863658463061,Medium,NBD2
1226,3111,0.6633466135458167,2,2.0692629738320427,Medium,NBD2
1227,3112,0.9920318725099602,1,0.9487971989813971,High,NBD2
1228,3113,0.4541832669322709,4,3.887107601174335,Low,NBD2
1229,3114,0.7339357429718876,1,1.2419888239799142,Medium,NBD2
1230,3396,0.6902390438247012,2,1.9546670031575215,Medium,NBD2
1231,3397,0.9402390438247012,3,3.1970496018395673,High,NBD2
1232,3398,0.9561752988047809,0,-0.1350226970544569,High,NBD2
1233,3399,0.7360557768924303,2,1.8565523520125415,Medium,NBD2
1234,3400,0.4900398406374502,1,0.7655670414422557,Low,NBD2
1235,3401,0.40537848605577687,2,2.0758334126879427,Low,NBD2
1236,3402,0.4252988047808765,1,0.9342631718618806,Low,NBD2
1237,3403,0.9073705179282868,3,3.1821791249198186,Medium,NBD2
1238,3404,0.8924302788844621,3,2.9866049533457786,Medium,NBD2
1239,3405,0.4960159362549801,2,2.234096713957361,Low,NBD2
1240,3408,0.8774900398406374,3,2.8427627578515606,Medium,NBD2
1241,3409,0.9940239043824701,3,3.1843115839778053,High,NBD2
1242,3410,0.7260956175298805,3,3.138298426395871,Medium,NBD2
1243,3411,0.9402390438247012,3,3.135460922322026,High,NBD2
1244,3412,0.99800796812749,3,3.172391614058444,High,NBD2
1245,3413,0.9950248756218906,1,1.1305119954714995,High,NBD2
1246,3414,0.9880597014925373,3,3.063110160815708,High,NBD2
1247,3415,0.9960238568588469,5,4.815622438841194,High,NBD2
1248,3416,0.9294234592445328,3,2.766263089745626,Medium,NBD2
1249,3417,0.9960238568588469,4,4.210423923907843,High,NBD2
1250,3418,0.9980119284294234,3,3.058325157260369,High,NBD2
1251,3419,0.9960238568588469,3,3.148268645488088,High,NBD2
1252,3420,0.8936381709741551,2,1.990761175756275,Medium,NBD2
1253,3421,0.9920477137176938,2,1.8086540944811973,High,NBD2
1254,3422,0.8687872763419483,2,1.8125928961012752,Medium,NBD2
1255,3423,0.6332007952286283,4,4.092782643614486,Medium,NBD2
1256,3424,0.9582504970178927,2,1.9651529474497313,High,NBD2
1257,3425,0.5934393638170974,3,2.8502623633501685,Medium,NBD2
1258,3426,0.9314115308151093,3,2.9957972733707185,Medium,NBD2
1259,3427,0.9343936381709742,3,2.782104468537567,High,NBD2
1260,3428,0.9642147117296223,2,2.0409857009571994,High,NBD2
1261,3429,0.44731610337972166,4,3.884496702217549,Low,NBD2
1262,3430,0.4095427435387674,0,0.14877955031859408,Low,NBD2
1263,3431,0.9135188866799204,3,2.905180979461787,Medium,NBD2
1264,3433,0.48185483870967744,1,0.9776100745409007,Low,NBD2
1265,3434,1.0,5,4.7558102699540505,High,NBD2
1266,3435,0.5896414342629482,3,2.7862234438972795,Medium,NBD2
1267,3436,0.8855721393034826,1,0.9462467782033424,Medium,NBD2
1268,3437,0.4318407960199005,3,2.989969417358562,Low,NBD2
1269,3438,0.9601990049751243,2,2.0500102740596517,High,NBD2
1270,3439,0.9990049751243781,5,4.895831289354652,High,NBD2
1271,3444,0.9761194029850746,1,1.0974909430632713,High,NBD2
1272,3445,0.8754980079681275,3,3.1800611985946023,Medium,NBD2
1273,3446,0.898406374501992,2,2.139925494446675,Medium,NBD2
1274,3447,0.8685258964143426,1,0.7698094126741786,Medium,NBD2
1275,3448,0.4631474103585657,2,1.9902534736289144,Low,NBD2
1276,3449,0.6613545816733067,1,0.8024650892090874,Medium,NBD2
1277,3450,0.5826693227091634,2,1.8710225079312637,Medium,NBD2
1278,3451,0.3834661354581673,0,0.24333129663357322,Low,NBD2
1279,3452,0.8266932270916335,4,3.8212477714507567,Medium,NBD2
1280,3453,0.7647058823529411,1,0.999444076725678,Medium,NBD2
1281,3454,0.3615537848605578,4,4.0590778671590595,Low,NBD2
1282,3455,0.941351888667992,6,6.101232485272052,High,NBD2
1283,3456,0.9970178926441352,4,4.029824341743457,High,NBD2
1284,3457,0.9274353876739563,1,0.7548854237095919,Medium,NBD2
1285,3458,0.937375745526839,6,5.913230654121996,High,NBD2
1286,3459,0.9432835820895522,4,4.0088558216923555,High,NBD2
1287,3460,0.9323383084577115,2,1.7939332495724167,Medium,NBD2
1288,3461,0.9373134328358209,2,1.9253134656045905,High,NBD2
1289,3462,0.5004975124378109,2,1.7666015543956832,Low,NBD2
1290,3463,0.9781094527363184,4,3.7892892485775103,High,NBD2
1291,3464,0.9970149253731343,3,2.948461638100798,High,NBD2
1292,3496,0.8454636091724825,0,-0.18364212297846982,Medium,NBD2
1293,3498,0.7928286852589641,2,2.033770424130779,Medium,NBD2
1294,3499,0.9402390438247012,0,0.09473248456863287,High,NBD2
1295,3500,0.9221556886227545,7,7.150293349554541,Medium,NBD2
1296,3501,0.6147704590818364,1,0.850075122122405,Medium,NBD2
1297,3502,0.4955044955044955,3,2.833741291129535,Low,NBD2
1298,3503,0.996003996003996,4,3.8022839201672003,High,NBD2
1299,3504,0.8171828171828172,2,2.068215124771818,Medium,NBD2
1300,3505,0.929070929070929,1,1.1032378632434505,Medium,NBD2
1301,3506,0.998001998001998,1,0.765793072412821,High,NBD2
1302,3507,0.5234765234765235,3,3.218106123121845,Low,NBD2
1303,3508,0.999000999000999,6,5.775985641825736,High,NBD2
1304,3509,0.998001998001998,2,2.0206481676505352,High,NBD2
1305,3510,0.9970089730807578,1,1.1045302597254583,High,NBD2
1306,3511,0.999001996007984,3,3.185484561873043,High,NBD2
1307,3512,0.5944055944055944,3,3.107043466066214,Medium,NBD2
1308,3513,0.6863136863136863,1,1.1508640415348959,Medium,NBD2
1309,3514,0.42157842157842157,3,2.919725096271403,Low,NBD2
1310,3515,0.46706586826347307,3,3.1574125568732563,Low,NBD2
1311,3516,0.6966067864271457,3,2.7900574231923376,Medium,NBD2
1312,3517,0.9910179640718563,4,4.197408328030264,High,NBD2
1313,3518,0.624750499001996,3,3.0237961880768682,Medium,NBD2
1314,3519,0.913086913086913,1,1.1586488849812469,Medium,NBD2
1315,3520,0.5974025974025974,3,2.9761591422591502,Medium,NBD2
1316,3521,0.991008991008991,2,2.0717888475982624,High,NBD2
1317,3522,0.5224775224775224,2,2.0132013304680565,Low,NBD2
1318,3523,0.9341317365269461,3,3.115794760877666,High,NBD2
1319,3524,0.7864271457085829,1,0.7908149910152948,Medium,NBD2
1320,3525,0.6736526946107785,3,2.780176041995282,Medium,NBD2
1321,3526,0.961038961038961,1,0.8735516170050732,High,NBD2
1322,3527,0.9920318725099602,4,3.829772340056594,High,NBD2
1323,3544,0.9422885572139303,0,0.18589178329610084,High,NBD2
1324,3545,0.9950248756218906,2,1.859606993679022,High,NBD2
1325,3546,0.764179104477612,3,3.2379326279095655,Medium,NBD2
1326,3547,0.889662027833002,1,0.9184478958855534,Medium,NBD2
1327,3548,0.9314115308151093,3,2.8410589578443495,Medium,NBD2
1328,3549,0.94831013916501,4,4.144849253571239,High,NBD2
1329,3550,0.9552683896620279,1,1.079353887750438,High,NBD2
1330,3551,0.9165009940357853,4,3.9990978582265697,Medium,NBD2
1331,3552,0.9403578528827038,2,2.0276817754688157,High,NBD2
1332,3553,0.9821073558648111,1,1.109600889136132,High,NBD2
1333,3554,0.4855721393034826,2,1.8642273706656494,Low,NBD2
1334,3555,0.7858565737051793,1,1.248166958028371,Medium,NBD2
1335,3556,0.99800796812749,3,3.2373965810733916,High,NBD2
1336,3557,0.9193227091633466,3,3.0751628431734686,Medium,NBD2
1337,3558,0.9412350597609562,3,2.8497712254645724,High,NBD2
1338,3559,0.43227091633466136,0,0.09011412121564566,Low,NBD2
1339,3560,0.9641434262948207,2,1.786099204489588,High,NBD2
1340,3561,0.4203187250996016,3,2.765326251102903,Low,NBD2
1341,3562,0.8057768924302788,2,1.878841444255607,Medium,NBD2
1342,3563,0.9641434262948207,3,2.9813114783696584,High,NBD2
1343,3564,0.9980099502487563,5,5.1841362527041905,High,NBD2
1344,3565,0.35124378109452736,4,4.113584534883154,Low,NBD2
1345,3566,0.9283582089552239,2,2.1213532605999905,Medium,NBD2
1346,3567,0.954228855721393,4,3.962746667224038,High,NBD2
1347,3568,0.963220675944334,3,2.9229674962734813,High,NBD2
1348,3569,0.45029821073558646,2,1.9355193814923013,Low,NBD2
1349,3570,1.0,3,3.243824781868029,High,NBD2
1350,3571,0.9383697813121272,1,0.7700545957062412,High,NBD2
1351,3572,0.9353876739562624,5,5.183515748061224,High,NBD2
1352,3573,0.9990059642147118,5,5.039337704286197,High,NBD2
1353,3574,0.9990059642147118,1,0.9693077095947953,High,NBD2
1354,3575,0.6222664015904572,3,3.1126288302075684,Medium,NBD2
1355,3576,0.9950298210735586,2,1.9933344707123515,High,NBD2
1356,3577,0.9980119284294234,1,1.1867116190408302,High,NBD2
1357,3578,0.9940357852882704,1,1.2003509320056294,High,NBD2
1358,3579,0.9990059642147118,4,3.9608604634367275,High,NBD2
1359,3580,0.9403578528827038,2,1.8884138986175258,High,NBD2
1360,3581,0.5347912524850894,5,5.046175164296681,Low,NBD2
1361,3582,0.9930417495029821,2,2.2061816728083454,High,NBD2
1362,3583,0.9005964214711729,2,1.8553310945028332,Medium,NBD2
1363,3584,0.8011928429423459,3,3.0614832917817414,Medium,NBD2
1364,3585,0.9443339960238568,1,1.0657801100462603,High,NBD2
1365,3586,0.4960238568588469,2,2.1165565112076403,Low,NBD2
1366,3587,0.9850894632206759,5,4.81578384256363,High,NBD2
1367,3588,0.9820717131474104,1,1.1079124823410442,High,NBD2
1368,3589,0.9452191235059761,2,2.2045162603328206,High,NBD2
1369,3590,0.9611553784860558,2,1.839841554435121,High,NBD2
1370,3591,0.99800796812749,3,2.868771662461939,High,NBD2
1371,3592,0.99800796812749,2,2.23569754702082,High,NBD2
1372,3593,0.9412350597609562,3,2.8404884763547447,High,NBD2
1373,3594,0.9371884346959123,1,1.1771925466847897,High,NBD2
1374,3595,0.9422310756972112,2,1.9961389282240174,High,NBD2
1375,3596,0.5547808764940239,4,3.8736155372015886,Low,NBD2
1376,3597,0.9452191235059761,2,2.185374950636256,High,NBD2
1377,3598,0.9970149253731343,2,1.9726526275013327,High,NBD2
1378,3599,0.9472636815920398,1,1.0074086769648452,High,NBD2
1379,3600,0.7313432835820896,2,1.9296166846998828,Medium,NBD2
1380,3687,0.9861910241657077,3,3.0464754257174635,High,NBD2
1381,3688,0.30414746543778803,5,4.831761936292511,Low,NBD2
1382,3689,0.7730414746543779,3,2.9455407683258805,Medium,NBD2
1383,3690,0.5903337169159953,3,3.2347061611676438,Medium,NBD2
1384,3691,0.597926267281106,1,0.8790667163505638,Medium,NBD2
1385,3692,0.8291708291708292,1,1.078368332270646,Medium,NBD2
1386,3693,0.683,2,1.9125950321123475,Medium,NBD2
1387,3694,0.918,1,1.1367365628433004,Medium,NBD2
1388,3695,0.925,3,2.815436830359175,Medium,NBD2
1389,3696,0.853,1,1.2349105225392725,Medium,NBD2
1390,3697,0.62,1,0.9768947706918196,Medium,NBD2
1391,3698,0.602,0,-0.13197476832676802,Medium,NBD2
1392,3708,0.998997995991984,2,1.7867483736650063,High,NBD2
1393,3709,0.4594594594594595,1,0.8348789525437703,Low,NBD2
1394,3710,0.33433433433433435,3,3.0098869742780088,Low,NBD2
1395,3711,0.983983983983984,2,1.918501588215643,High,NBD2
1396,3712,0.996996996996997,3,3.164441682941305,High,NBD2
1397,3713,0.9099099099099099,2,1.9654437618309029,Medium,NBD2
1398,3714,0.8266533066132264,1,0.874357136293815,Medium,NBD2
1399,3715,0.875751503006012,3,3.058572493302015,Medium,NBD2
1400,3743,0.7955911823647295,5,5.103388608442723,Medium,NBD2
1401,3744,0.9448897795591182,4,3.833520953950475,High,NBD2
1402,3745,1.0,1,0.8338096081441588,High,NBD2
1403,3746,0.8717434869739479,4,3.7683357134667714,Medium,NBD2
1404,3747,0.4675324675324675,2,2.11820100753282,Low,NBD2
1405,3748,0.9050949050949051,0,0.08190226381090254,Medium,NBD2
1406,3749,0.48151848151848153,2,1.987315437874907,Low,NBD2
1407,3750,0.5034895314057827,2,2.1720852244845985,Low,NBD2
1408,3751,0.8953140578265204,1,1.1528350764750266,Medium,NBD2
1409,3752,0.8692614770459082,2,2.0426771821983762,Medium,NBD2
1410,3753,0.9442231075697212,3,3.1841356402566294,High,NBD2
1411,3754,0.9362549800796812,2,1.8529206050183842,High,NBD2
1412,3755,0.44011976047904194,2,1.805959809698864,Low,NBD2
1413,3756,0.9202392821535393,4,3.884874805758495,Medium,NBD2
1414,3757,0.9661016949152542,1,0.7785434280446575,High,NBD2
1415,3783,0.834658187599364,2,2.015584764000516,Medium,NBD2
1416,3784,0.8342342342342343,1,1.2183028461474807,Medium,NBD2
1417,3787,0.8787878787878788,1,0.7696717703342548,Medium,NBD2
1418,3788,0.324269889224572,5,4.811054957005013,Low,NBD2
1419,3791,0.4044044044044044,3,2.9760995141417177,Low,NBD2
1420,3792,0.3963963963963964,1,1.2169375087639525,Low,NBD2
1421,3793,0.47952047952047955,4,3.908078052488375,Low,NBD2
1422,3794,0.5074925074925075,4,4.0036174043441966,Low,NBD2
1423,3795,0.451,1,0.770786429525196,Low,NBD2
1424,3796,0.9080919080919081,2,1.8241716004810444,Medium,NBD2
1425,3797,0.706,3,3.2433150614794233,Medium,NBD2
1426,3798,0.8845381526104418,3,3.2325593482180226,Medium,NBD2
1427,3799,0.8554216867469879,1,0.7524699904672048,Medium,NBD2
1428,3800,0.9315206445115811,2,2.2259058927116193,Medium,NBD2
1429,3801,0.7747474747474747,0,0.06955996890775018,Medium,NBD2
1430,3802,0.9342105263157895,1,1.183959147260011,High,NBD2
1431,3803,0.805050505050505,2,1.9773699278169294,Medium,NBD2
1432,3804,0.6612740141557129,1,1.0077980142896252,Medium,NBD2
1433,3805,0.9331983805668016,5,4.99442329012846,Medium,NBD2
1434,3810,0.42885973763874874,0,0.08343212877305217,Low,NBD2
1435,3811,0.8811681772406847,4,3.8198256273781563,Medium,NBD2
1436,3812,0.38469284994964753,2,1.764986794936339,Low,NBD2
1437,3813,0.5393145161290323,1,0.9039649707955955,Low,NBD2
1438,3814,0.49647532729103727,4,4.1023403813683235,Low,NBD2
1439,3815,0.9274924471299094,1,0.8509267260614741,Medium,NBD2
1440,3816,0.9173387096774194,2,2.0867162166624587,Medium,NBD2
1441,3817,0.5780463242698892,3,3.2349560230536354,Low,NBD2
1442,3822,0.8902316213494461,5,4.796950357894709,Medium,NBD2
1443,3823,0.4199395770392749,4,4.0863010591125635,Low,NBD2
1444,3824,0.6290322580645161,2,1.9718751096522855,Medium,Other
1445,3825,0.6088709677419355,1,1.1840711271887527,Medium,Other
1446,3826,0.8718466195761857,3,2.838574894723693,Medium,Other
1447,3827,0.5444015444015444,3,3.096312976113082,Low,Other
1448,3828,0.7095890410958904,1,1.169057644824055,Medium,Other
1449,3840,0.8697435897435898,1,1.2223071097370117,Medium,Other
1450,3841,0.7340101522842639,2,2.091624014144823,Medium,Other
1451,3842,0.8974069898534386,1,0.9985873820042137,Medium,Other
1452,3852,0.8019375672766416,1,1.058923620100607,Medium,Other
1453,3853,0.8467309753483387,4,4.184452492239359,Medium,Other
1454,3854,0.3722627737226277,0,0.03530487331941484,Low,Other
1455,3855,0.6965589155370178,2,1.7651935298484185,Medium,Other
1456,3856,0.9703389830508474,5,5.215474347753489,High,Other
1457,3858,0.7746331236897275,2,2.0947633755157806,Medium,Other
1458,3861,0.6631689401888772,1,1.0882566928886233,Medium,Other
1459,3862,0.39034627492130114,0,-0.1421624238011414,Low,Other
1460,3863,0.4799566630552546,2,2.0794427351163285,Low,Other
1461,3864,0.472636815920398,2,1.9469322028270792,Low,Other
1462,3865,0.5386444708680143,1,1.075616488520746,Low,Other
1463,3885,0.5921908893709328,2,1.8032965151539955,Medium,Other
1464,3886,0.8879310344827587,3,3.078922652301518,Medium,Other
1465,3887,0.33121693121693124,1,1.2497068628853332,Low,Other
1466,3888,0.6236786469344608,1,0.774106019430278,Medium,Other
1467,3889,0.9734888653234358,2,2.2385870921106585,High,Other
1468,3890,0.45042194092827004,1,0.9534539803614352,Low,Other
1469,3891,0.9757894736842105,0,0.18537672516862957,High,Other
1470,3892,0.9304531085353003,2,2.1411927420291366,Medium,Other
1471,3893,0.5095137420718816,1,1.0335081304933338,Low,Other
1472,3894,0.9830148619957537,1,1.1192246046256633,High,Other
1473,3898,0.5,3,3.189257780650674,Low,Other
1474,3901,0.7813504823151125,2,1.9520701608255164,Medium,Other
1475,3902,0.847457627118644,3,2.9135165807816192,Medium,Other
1476,3903,0.7689030883919062,3,3.0837966927817924,Medium,Other
1477,3904,0.5194942044257113,1,1.1539229709706293,Low,Other
1478,3905,0.9841938883034773,3,3.131142567388308,High,Other
1479,3906,0.9081309398099261,1,1.1489068244293172,Medium,Other
1480,3907,0.9841101694915254,1,0.9677916574064664,High,Other
